name,address,size,datatype
DAT_00402740,00402740,1,undefined
PTR_caseD_3_00407124+3,00407127,1,undefined
PTR_caseD_3_0040ca64+3,0040ca67,1,undefined
PTR_caseD_20_00412d44,00412d44,4,pointer
DAT_00413cba,00413cba,1,undefined
DAT_004187f0,004187f0,1,undefined
PTR_caseD_2_004188e4,004188e4,4,undefined *
PTR_caseD_5_00418908,00418908,4,undefined *
PTR_caseD_8_0041a908+2,0041a90a,1,undefined
PTR_caseD_2_0042bf2c+3,0042bf2f,1,undefined
PTR_caseD_2_004318b0,004318b0,4,pointer
PTR_caseD_3_004321cc,004321cc,4,pointer
PTR_caseD_2_00434a58,00434a58,4,pointer
PTR_caseD_2_00434a78,00434a78,4,pointer
DAT_00434ad0,00434ad0,1,undefined
DAT_0043a100,0043a100,1,undefined
DAT_0043a800,0043a800,1,undefined
DAT_0043ace0,0043ace0,1,undefined
PTR_caseD_2_00445b74+3,00445b77,1,undefined
PTR_LAB_004c0a1c,004c0a1c,4,undefined *
DAT_004c0a28,004c0a28,1,undefined
DAT_004c0a4b,004c0a4b,1,undefined
DAT_004c0a5f,004c0a5f,1,undefined
PTR_LAB_004c0b08,004c0b08,4,undefined *
DAT_004c0b14,004c0b14,1,undefined
PTR_LAB_004c0b3f,004c0b3f,4,pointer
DAT_004c0b5f,004c0b5f,1,undefined1
PTR_LAB_004c0b6c,004c0b6c,4,pointer
DAT_004c0b8c,004c0b8c,1,undefined1
PTR_caseD_18_004c0bf3,004c0bf3,4,pointer
PTR_caseD_18_004c0c20,004c0c20,4,undefined *
PTR_LAB_004c0ca3,004c0ca3,4,pointer
DAT_004c0cbf,004c0cbf,1,undefined1
PTR_LAB_004c0cd0,004c0cd0,4,pointer
DAT_004c0cec,004c0cec,1,undefined1
PTR_LAB_004c0d01,004c0d01,4,pointer
DAT_004c0d21,004c0d21,1,undefined1
PTR_LAB_004c0d2e,004c0d2e,4,pointer
DAT_004c0d4e,004c0d4e,1,undefined1
PTR_LAB_004c0d57,004c0d57,4,pointer
DAT_004c0d73,004c0d73,1,undefined1
PTR_LAB_004c0d84,004c0d84,4,pointer
DAT_004c0da0,004c0da0,1,undefined1
PTR_caseD_18_004c0db5,004c0db5,4,pointer
PTR_caseD_18_004c0de2,004c0de2,4,pointer
PTR_caseD_18_004c0e0f,004c0e0f,4,pointer
PTR_caseD_18_004c0e3c,004c0e3c,4,pointer
PTR_caseD_18_004c0e69,004c0e69,4,pointer
PTR_caseD_18_004c0e96,004c0e96,4,pointer
PTR_caseD_2_004c9c74+3,004c9c77,1,undefined
PTR_LAB_00544b1c,00544b1c,4,undefined *
DAT_00544b28,00544b28,1,undefined
DAT_00544b4b,00544b4b,1,undefined
DAT_00544b5f,00544b5f,1,undefined
PTR_LAB_00544c08,00544c08,4,undefined *
DAT_00544c14,00544c14,1,undefined
PTR_LAB_00544c3f,00544c3f,4,pointer
DAT_00544c5f,00544c5f,1,undefined1
PTR_LAB_00544c6c,00544c6c,4,pointer
DAT_00544c8c,00544c8c,1,undefined1
PTR_caseD_18_00544cf3,00544cf3,4,pointer
PTR_caseD_18_00544d20,00544d20,4,undefined *
PTR_LAB_00544da3,00544da3,4,pointer
DAT_00544dbf,00544dbf,1,undefined1
PTR_LAB_00544dd0,00544dd0,4,pointer
DAT_00544dec,00544dec,1,undefined1
PTR_LAB_00544e01,00544e01,4,pointer
DAT_00544e21,00544e21,1,undefined1
PTR_LAB_00544e2e,00544e2e,4,pointer
DAT_00544e4e,00544e4e,1,undefined1
PTR_LAB_00544e57,00544e57,4,pointer
DAT_00544e73,00544e73,1,undefined1
PTR_LAB_00544e84,00544e84,4,pointer
DAT_00544ea0,00544ea0,1,undefined1
PTR_caseD_18_00544eb5,00544eb5,4,pointer
PTR_caseD_18_00544ee2,00544ee2,4,pointer
PTR_caseD_18_00544f0f,00544f0f,4,pointer
PTR_caseD_18_00544f3c,00544f3c,4,pointer
PTR_caseD_18_00544f69,00544f69,4,pointer
PTR_caseD_18_00544f96,00544f96,4,pointer
PTR_caseD_10_005496a8+2,005496aa,1,undefined
PTR_caseD_5_00550d60,00550d60,4,undefined *
PTR_caseD_0_00563810,00563810,4,pointer
PTR_caseD_0_00567020,00567020,4,pointer
PTR_caseD_1_0056a442,0056a442,4,pointer
PTR_caseD_2_0056a446,0056a446,4,pointer
PTR_caseD_4_0056a44e,0056a44e,4,pointer
PTR_caseD_7_0056a45a,0056a45a,4,pointer
PTR_caseD_8_0056a45e,0056a45e,4,pointer
PTR_caseD_9_0056a462,0056a462,4,pointer
DAT_0056d42b,0056d42b,1,undefined
DAT_0056e000,0056e000,1,undefined
DAT_0056e008,0056e008,1,undefined
DAT_0056e00c,0056e00c,1,undefined
DAT_0056e018,0056e018,1,undefined
DAT_0056e020,0056e020,1,undefined
DAT_0056e028,0056e028,1,undefined
DAT_0056e030,0056e030,1,undefined
DAT_0056e038,0056e038,1,undefined
DAT_0056e050,0056e050,1,undefined
DAT_0056e058,0056e058,1,undefined
DAT_0056e068,0056e068,1,undefined
DAT_0056e070,0056e070,1,undefined
DAT_0056e078,0056e078,1,undefined
DAT_0056e07c,0056e07c,1,undefined
DAT_0056e080,0056e080,1,undefined
s_Software\Disney_Interactive\Empe_0056e08d+3,0056e090,1,undefined
DAT_0056e0c4,0056e0c4,1,undefined
DAT_0056e0c8,0056e0c8,1,undefined
DAT_0056e0d8,0056e0d8,1,undefined
DAT_0056e0e8,0056e0e8,1,undefined
DAT_0056e0f8,0056e0f8,1,undefined
DAT_0056e118,0056e118,1,undefined
DAT_0056e11c,0056e11c,1,undefined
DAT_0056e120,0056e120,1,undefined
DAT_0056e124,0056e124,1,undefined
DAT_0056e128,0056e128,1,undefined
DAT_0056e12c,0056e12c,1,undefined
DAT_0056e130,0056e130,1,undefined
DAT_0056e134,0056e134,1,undefined
DAT_0056e138,0056e138,1,undefined
DAT_0056e13c,0056e13c,1,undefined
DAT_0056e140,0056e140,1,undefined
DAT_0056e144,0056e144,1,undefined
DAT_0056e148,0056e148,1,undefined
DAT_0056e14c,0056e14c,1,undefined
DAT_0056e150,0056e150,1,undefined
DAT_0056e154,0056e154,1,undefined
DAT_0056e158,0056e158,1,undefined
DAT_0056e15c,0056e15c,1,undefined
DAT_0056e160,0056e160,1,undefined
DAT_0056e164,0056e164,1,undefined
DAT_0056e168,0056e168,1,undefined
DAT_0056e16c,0056e16c,1,undefined
DAT_0056e170,0056e170,1,undefined
DAT_0056e174,0056e174,1,undefined
DAT_0056e178,0056e178,1,undefined
DAT_0056e17c,0056e17c,1,undefined
DAT_0056e180,0056e180,1,undefined
DAT_0056e184,0056e184,1,undefined
DAT_0056e1a0,0056e1a0,1,undefined
DAT_0056e1b8,0056e1b8,1,undefined
DAT_0056e1bb,0056e1bb,1,undefined1
DAT_0056e1bc,0056e1bc,1,undefined
DAT_0056e1c0,0056e1c0,1,undefined
DAT_0056e1c1,0056e1c1,1,undefined
PTR_sub_413B20_0056e1c4,0056e1c4,4,pointer
PTR_sub_413B20_0056e1c8,0056e1c8,4,pointer
DAT_0056e1cc,0056e1cc,1,undefined
PTR_sub_414460_0056e1d0,0056e1d0,4,pointer
DAT_0056e1d4,0056e1d4,1,undefined
DAT_0056e1d8,0056e1d8,1,undefined
DAT_0056e1dc,0056e1dc,1,undefined
DAT_0056e1e0,0056e1e0,4,undefined4
DAT_0056e1f0,0056e1f0,1,undefined
DAT_0056e1f4,0056e1f4,1,undefined
DAT_0056e200,0056e200,1,undefined
DAT_0056e204,0056e204,1,undefined
DAT_0056e208,0056e208,1,undefined
DAT_0056e20c,0056e20c,1,undefined
DAT_0056e210,0056e210,1,undefined
DAT_0056e214,0056e214,1,undefined
DAT_0056e218,0056e218,1,undefined
DAT_0056e220,0056e220,1,undefined
DAT_0056e228,0056e228,1,undefined
DAT_0056e230,0056e230,1,undefined
DAT_0056e240,0056e240,1,undefined
DAT_0056e244,0056e244,1,undefined
DAT_0056e248,0056e248,1,undefined
DAT_0056e258,0056e258,1,undefined
DAT_0056e268,0056e268,1,undefined
DAT_0056e278,0056e278,1,undefined
DAT_0056e280,0056e280,1,undefined
DAT_0056e288,0056e288,1,undefined
DAT_0056e28c,0056e28c,1,undefined
DAT_0056e298,0056e298,1,undefined
DAT_0056e2a8,0056e2a8,1,undefined
DAT_0056e2ac,0056e2ac,1,undefined
DAT_0056e2b8,0056e2b8,1,undefined
DAT_0056e2c8,0056e2c8,1,undefined
DAT_0056e2d8,0056e2d8,1,undefined
DAT_0056e2e8,0056e2e8,1,undefined
DAT_0056e2f8,0056e2f8,1,undefined
DAT_0056e310,0056e310,1,undefined
s_Emperors_New_Groove_0056e31d+3,0056e320,1,undefined
s_mperors_New_Groove_0056e31d+4,0056e321,1,undefined
DAT_0056e340,0056e340,1,undefined
DAT_0056e344,0056e344,1,undefined
DAT_0056e348,0056e348,1,undefined
DAT_0056e34c,0056e34c,1,undefined
DAT_0056e350,0056e350,1,undefined
DAT_0056e358,0056e358,1,undefined
DAT_0056e360,0056e360,1,undefined
DAT_0056e368,0056e368,1,undefined
DAT_0056e388,0056e388,1,undefined
DAT_0056e398,0056e398,1,undefined
DAT_0056e39c,0056e39c,1,undefined
DAT_0056e3b0,0056e3b0,1,undefined
DAT_0056e3c0,0056e3c0,1,undefined
DAT_0056e3d0,0056e3d0,1,undefined
DAT_0056e3d8,0056e3d8,1,undefined
DAT_0056e3e0,0056e3e0,1,undefined
DAT_0056e3e4,0056e3e4,1,undefined
DAT_0056e3e8,0056e3e8,1,undefined
DAT_0056e400,0056e400,1,undefined
DAT_0056e410,0056e410,1,undefined
DAT_0056e414,0056e414,1,undefined
DAT_0056e418,0056e418,1,undefined
DAT_0056e428,0056e428,1,undefined
DAT_0056e42c,0056e42c,1,undefined
DAT_0056e430,0056e430,1,undefined
DAT_0056e434,0056e434,1,undefined
DAT_0056e438,0056e438,1,undefined
DAT_0056e43c,0056e43c,1,undefined
DAT_0056e440,0056e440,1,undefined
DAT_0056e444,0056e444,1,undefined
DAT_0056e448,0056e448,1,undefined
DAT_0056e458,0056e458,1,undefined
DAT_0056e470,0056e470,1,undefined
DAT_0056e488,0056e488,1,undefined
DAT_0056e498,0056e498,1,undefined
DAT_0056e49c,0056e49c,1,undefined
DAT_0056e4a0,0056e4a0,1,undefined
DAT_0056e4b8,0056e4b8,1,undefined
DAT_0056e4bc,0056e4bc,1,undefined
DAT_0056e4c0,0056e4c0,1,undefined
DAT_0056e4c4,0056e4c4,1,undefined
DAT_0056e4d0,0056e4d0,1,undefined
DAT_0056e4d4,0056e4d4,1,undefined
DAT_0056e4d8,0056e4d8,1,undefined
DAT_0056e4e8,0056e4e8,1,undefined
DAT_0056e4f0,0056e4f0,1,undefined
DAT_0056e4f8,0056e4f8,1,undefined
DAT_0056e4fc,0056e4fc,1,undefined
DAT_0056e500,0056e500,1,undefined
DAT_0056e50c,0056e50c,1,undefined
DAT_0056e518,0056e518,1,undefined
DAT_0056e528,0056e528,1,undefined
DAT_0056e538,0056e538,1,undefined
DAT_0056e548,0056e548,1,undefined
DAT_0056e558,0056e558,1,undefined
DAT_0056e570,0056e570,1,undefined
DAT_0056e578,0056e578,1,undefined
DAT_0056e580,0056e580,1,undefined
DAT_0056e588,0056e588,1,undefined
DAT_0056e598,0056e598,1,undefined
DAT_0056e5a8,0056e5a8,1,undefined
DAT_0056e5b8,0056e5b8,1,undefined
DAT_0056e5bc,0056e5bc,1,undefined
DAT_0056e5cc,0056e5cc,1,undefined
DAT_0056e5dc,0056e5dc,1,undefined
DAT_0056e5ec,0056e5ec,1,undefined
DAT_0056e5fc,0056e5fc,1,undefined
DAT_0056e60c,0056e60c,1,undefined
DAT_0056e61c,0056e61c,1,undefined
DAT_0056e69c,0056e69c,4,undefined4
DAT_0056e6a0,0056e6a0,4,undefined4
DAT_0056e6ac,0056e6ac,4,undefined4
DAT_0056e6b0,0056e6b0,4,undefined4
DAT_0056e6bc,0056e6bc,1,undefined
DAT_0056e6cc,0056e6cc,1,undefined
DAT_0056e6dc,0056e6dc,1,undefined
DAT_0056e6ec,0056e6ec,1,undefined
DAT_0056e6fc,0056e6fc,1,undefined
DAT_0056e70c,0056e70c,1,undefined
DAT_0056e71c,0056e71c,1,undefined
DAT_0056e72c,0056e72c,1,undefined
DAT_0056e744,0056e744,1,undefined
DAT_0056e768,0056e768,4,undefined4
DAT_0056e76c,0056e76c,4,undefined4
DAT_0056e788,0056e788,1,undefined
DAT_0056e798,0056e798,1,undefined
DAT_0056e7a0,0056e7a0,1,undefined
s_IsProcessorFeaturePresent_0056e7a6+2,0056e7a8,1,undefined
s_rePresent_0056e7a6+0x12,0056e7b8,1,undefined
s_KERNEL32_0056e7c4,0056e7c4,9,string
s_e+000_0056e7d0,0056e7d0,6,string
DAT_0056e7d8,0056e7d8,1,undefined
DAT_0056e834,0056e834,2,undefined2
DAT_0056e844,0056e844,1,undefined1
s_null)_0056e845,0056e845,6,string
DAT_0056e84c,0056e84c,1,undefined
DAT_0056e850,0056e850,1,undefined
DAT_0056e858,0056e858,1,undefined
DAT_0056e870,0056e870,1,undefined
DAT_0056e880,0056e880,1,undefined
DAT_0056e898,0056e898,1,undefined
DAT_0056e8a8,0056e8a8,1,undefined
DAT_0056e8b8,0056e8b8,1,undefined
DAT_0056e8d0,0056e8d0,1,undefined
DAT_0056e904,0056e904,1,undefined
DAT_0056e90c,0056e90c,1,undefined
DAT_0056e914,0056e914,1,undefined
DAT_0056e91c,0056e91c,1,undefined
DAT_0056e924,0056e924,1,undefined
DAT_0056e92c,0056e92c,1,undefined
s_R6009_-_not_enough_space_for_env_0056eb40,0056eb40,44,string
s_Microsoft_Visual_C++_Runtime_Lib_0056ebc0,0056ebc0,37,string
DAT_0056ebe8,0056ebe8,1,undefined
s_Runtime_Error!_Program:_0056ebec,0056ebec,26,string
DAT_0056ec08,0056ec08,1,undefined
s_<program_name_unknown>_0056ec0c,0056ec0c,23,string
DAT_0056ec28,0056ec28,1,undefined
s_GetLastActivePopup_0056ec34,0056ec34,19,string
s_GetActiveWindow_0056ec48,0056ec48,16,string
s_MessageBoxA_0056ec58,0056ec58,12,string
s_user32.dll_0056ec64,0056ec64,11,string
s_1#QNAN_0056ec70,0056ec70,7,string
s_1#INF_0056ec78,0056ec78,6,string
s_1#IND_0056ec80,0056ec80,6,string
s_1#SNAN_0056ec88,0056ec88,7,string
PTR_LAB_0056ed48,0056ed48,4,undefined *
s_string_too_long_0056ed54,0056ed54,16,string
PTR_sub_56D1C5_0056ed68,0056ed68,4,undefined *
PTR_LAB_0056ed78,0056ed78,4,undefined *
s_invalid_string_position_0056ed84,0056ed84,24,string
PTR_sub_56D5AC_0056eda0,0056eda0,4,pointer
PTR_RTTI_Type_Descriptor_0056ee08,0056ee08,4,pointer
PTR_RTTI_Type_Descriptor_0056ee20,0056ee20,4,pointer
PTR_RTTI_Type_Descriptor_0056ee38,0056ee38,4,pointer
PTR_RTTI_Type_Descriptor_0056eec0,0056eec0,4,pointer
DAT_0056eee8,0056eee8,1,undefined
DAT_0056eef8,0056eef8,1,undefined
DAT_0056ef70,0056ef70,1,undefined
DAT_0056efa0,0056efa0,1,undefined
DAT_0056efc0,0056efc0,1,undefined
DAT_0056eff0,0056eff0,1,undefined
DAT_0056f000,0056f000,1,undefined
DAT_0056f138,0056f138,1,undefined
DAT_0056f168,0056f168,1,undefined
DAT_0056f568,0056f568,1,undefined
DAT_0056f588,0056f588,1,undefined
DAT_0056f5a8,0056f5a8,1,undefined
DAT_0056f5d8,0056f5d8,1,undefined
DAT_0056f648,0056f648,1,undefined
DAT_0056f6d0,0056f6d0,1,undefined
DAT_0056f700,0056f700,1,undefined
DAT_00570000,00570000,1,undefined
DAT_00570260,00570260,1,undefined
DAT_00570264,00570264,1,undefined
DAT_00570278,00570278,1,undefined
DAT_0057027c,0057027c,1,undefined
DAT_00570284,00570284,1,undefined
DAT_00570288,00570288,1,undefined
DAT_00570290,00570290,1,undefined
s_{%08X-%04X-%04X-%02X%02X-%02X%02_005702a0,005702a0,51,string
s_{00000000-0000-0000-0000-0000000_005702d4,005702d4,39,string
DAT_005702fc,005702fc,1,undefined
DAT_00570300,00570300,1,undefined
s_[08x%x]_00570304,00570304,8,string
s_HKEY_CURRENT_USER_0057030c,0057030c,20,string
s_KEY_CURRENT_USER_0057030c+1,0057030d,1,undefined
s_HKEY_LOCAL_MACHINE_00570320,00570320,20,string
s_KEY_LOCAL_MACHINE_00570320+1,00570321,1,undefined
DAT_00570334,00570334,1,undefined1
DAT_00570335,00570335,1,undefined1
DAT_00570338,00570338,4,undefined4
DAT_0057033c,0057033c,4,undefined4
PTR_DAT_00570340,00570340,4,pointer
DAT_00570344,00570344,1,undefined
DAT_00570348,00570348,1,undefined
DAT_00570350,00570350,1,undefined
DAT_00570358,00570358,1,undefined
PTR_sub_408390_00570360,00570360,4,pointer
PTR_DAT_00570370,00570370,4,pointer
DAT_00570374,00570374,1,undefined
DAT_00570378,00570378,1,undefined
DAT_0057037c,0057037c,1,undefined
DAT_00570380,00570380,1,undefined
DAT_00570381,00570381,1,undefined
DAT_00570382,00570382,1,undefined
DAT_00570383,00570383,1,undefined
DAT_00570384,00570384,1,undefined
DAT_00570388,00570388,1,undefined
DAT_0057038c,0057038c,1,undefined
DAT_005703a0,005703a0,1,undefined1
DAT_005703a1,005703a1,1,undefined1
DAT_005703a3,005703a3,1,undefined1
DAT_005703a8,005703a8,4,undefined4
DAT_005703ac,005703ac,4,undefined4
PTR_DAT_005703b0,005703b0,4,undefined *
PTR_DAT_00570430,00570430,4,undefined *
DAT_00571390,00571390,1,undefined
DAT_005713b0,005713b0,1,undefined
s_createcompatible_dc_failed_005713b4,005713b4,28,string
s_c:\kingdom_dbg.txt_005713d0,005713d0,19,string
DAT_005713e4,005713e4,1,undefined
s_Logfile_%s_started_now/today_(wr_005713e8,005713e8,49,string
s_code!)_005713e8+0x28,00571410,1,undefined
s_e!)_005713e8+0x2c,00571414,1,undefined
s__005713e8+0x30,00571418,1,undefined
DAT_0057141c,0057141c,1,undefined
DAT_00571480,00571480,1,undefined
s_%s_%d_00571484,00571484,6,string
s_%s_%d_/_%d_0057148c,0057148c,11,string
DAT_00571498,00571498,1,undefined
DAT_005714d4,005714d4,4,undefined4
DAT_005714d8,005714d8,1,undefined
s_BUTTON_%d_005714dc,005714dc,10,string
s_Keyboard_005714e8,005714e8,12,string
s_eyboard_005714e8+1,005714e9,1,undefined
s_button_r_005714f4,005714f4,9,string
s_button_l_00571500,00571500,9,string
s_shift_0057150c,0057150c,6,string
s_select_00571514,00571514,7,string
s_start_0057151c,0057151c,6,string
s_Preferences_005715c0,005715c0,12,string
s_Colourkey_texture_format_005715cc,005715cc,25,string
s_Alpha_texture_format_005715e8,005715e8,21,string
s_Normal_texture_format_00571600,00571600,22,string
s_Indexed_texture_format_00571618,00571618,23,string
s_Direct3D_Capabilities_00571630,00571630,24,string
s_irect3D_Capabilities_00571630+1,00571631,1,undefined
s_DirectDraw_Capabilities_00571648,00571648,24,string
s_irectDraw_Capabilities_00571648+1,00571649,1,undefined
s_Couldn't_open_mode_00571660,00571660,20,string
s_ouldn't_open_mode_00571660+1,00571661,1,undefined
s_Initialisation_00571674,00571674,16,string
s_nitialisation_00571674+1,00571675,1,undefined
s_Couldn't_enumerate_DirectDraw_de_00571684,00571684,38,string
s_DirectDrawEnumerateExA_005716ac,005716ac,23,string
s_DDraw_Devices_005716c4,005716c4,16,string
s_Draw_Devices_005716c4+1,005716c5,1,undefined
s_Enumeration_005716d4,005716d4,12,string
s_numeration_005716d4+1,005716d5,1,undefined
s_Couldn't_load_DirectDraw_library_005716e0,005716e0,33,string
s_ddraw.dll_00571704,00571704,10,string
DAT_00571710,00571710,1,undefined
s_.dispdiag_00571714,00571714,12,string
s_dispdiag_00571714+1,00571715,1,undefined
s_unnamed_00571720,00571720,8,string
s_nnamed_00571720+1,00571721,1,undefined
s_SoftwareScreenH_00571728,00571728,16,string
s_SoftwareScreenW_00571738,00571738,16,string
s_SoftwareScreenBPP_00571748,00571748,18,string
s_ScreenH_0057175c,0057175c,8,string
s_ScreenW_00571764,00571764,8,string
s_ScreenBPP_0057176c,0057176c,10,string
s_D3DDevice_00571778,00571778,10,string
s_DisplayDevice_00571784,00571784,14,string
s_Couldn't_get_Direct3D3_interface_00571794,00571794,33,string
s_Couldn't_get_DirectDraw4_interfa_005717b8,005717b8,35,string
s_Couldn't_create_DirectDraw_devic_005717dc,005717dc,34,string
s_Couldn't_check_display_pixel_for_00571800,00571800,36,string
s_Couldn't_attach_the_palette_to_t_00571824,00571824,49,string
s_Couldn't_create_the_palette_00571858,00571858,28,string
s_Couldn't_attach_the_depth_buffer_00571874,00571874,33,string
s_Couldn't_create_the_depth_buffer_00571898,00571898,33,string
s_Couldn't_create_the_offscreen_bu_005718bc,005718bc,37,string
s_Couldn't_get_the_offscreen_buffe_005718e4,005718e4,34,string
s_Couldn't_create_the_screen_buffe_00571908,00571908,35,string
s_Couldn't_set_the_display_mode_0057192c,0057192c,30,string
s_Couldn't_set_exclusive_cooperati_0057194c,0057194c,41,string
s_Couldn't_set_viewport_up_00571994,00571994,25,string
s_Couldn't_select_viewport_005719b0,005719b0,25,string
s_Couldn't_add_viewport_to_Direct3_005719cc,005719cc,41,string
s_Couldn't_create_viewport_005719f8,005719f8,25,string
s_Couldn't_find_a_way_to_colourkey_00571a14,00571a14,33,string
s_Couldn't_find_suitable_texture_f_00571a38,00571a38,38,string
s_Couldn't_enumerate_texture_forma_00571a60,00571a60,35,string
s_Texture_Formats_00571a84,00571a84,16,string
s_exture_Formats_00571a84+1,00571a85,1,undefined
s_Couldn't_create_Direct3D_device_00571a94,00571a94,32,string
s_Couldn't_enumerate_display_modes_00571ab4,00571ab4,33,string
s_Display_Modes_00571ad8,00571ad8,16,string
s_isplay_Modes_00571ad8+1,00571ad9,1,undefined
s_Couldn't_create_Direct3D_enumera_00571ae8,00571ae8,44,string
s_Couldn't_enumerate_Direct3D_devi_00571b14,00571b14,36,string
s_D3D_Devices_00571b38,00571b38,12,string
s_3D_Devices_00571b38+1,00571b39,1,undefined
s_HEL_Caps_00571b44,00571b44,12,string
s_EL_Caps_00571b44+1,00571b45,1,undefined
s_Driver_Caps_00571b50,00571b50,12,string
s_river_Caps_00571b50+1,00571b51,1,undefined
s_Couldn't_get_DirectDraw_capabili_00571b5c,00571b5c,37,string
s_Couldn't_create_DirectDraw_enume_00571b84,00571b84,46,string
s_Monitor_00571bb4,00571bb4,8,string
s_onitor_00571bb4+1,00571bb5,1,undefined
DAT_00571bbc,00571bbc,1,undefined1
DAT_00571bbd,00571bbd,1,undefined1
s_Description_00571bc4,00571bc4,12,string
s_escription_00571bc4+1,00571bc5,1,undefined
DAT_00571bd0,00571bd0,1,undefined1
DAT_00571bd1,00571bd1,1,undefined1
s_Couldn't_enumerate_depth_buffer_f_00571bd8,00571bd8,40,string
s_Z_Buffer_Formats_00571c00,00571c00,20,string
s_Buffer_Formats_00571c00+1,00571c01,1,undefined
s_HEL_Device_Desc_00571c14,00571c14,16,string
s_EL_Device_Desc_00571c14+1,00571c15,1,undefined
s_HW_Device_Desc_00571c24,00571c24,16,string
s_W_Device_Desc_00571c24+1,00571c25,1,undefined
s_Couldn't_create_display_resoluti_00571c34,00571c34,54,string
s_%dx%d_00571c6c,00571c6c,6,string
s_Couldn't_create_display_format_e_00571c74,00571c74,50,string
s_%d_bit_00571ca8,00571ca8,7,string
s_%dx%dx%d_00571cb0,00571cb0,9,string
s_unknown_format_00571cbc,00571cbc,16,string
s_nknown_format_00571cbc+1,00571cbd,1,undefined
s_rgb_%d%d%d_00571ccc,00571ccc,11,string
s_argb_%d%d%d%d_00571cd8,00571cd8,14,string
s_indexed_%d_00571ce8,00571ce8,11,string
DAT_00571cf4,00571cf4,1,undefined
DAT_00571cf8,00571cf8,1,undefined
DAT_00571d40,00571d40,1,undefined
DAT_00571d44,00571d44,1,undefined
DAT_00571d48,00571d48,1,undefined
DAT_00571d4c,00571d4c,1,undefined
DAT_00571d50,00571d50,1,undefined
DAT_00571d54,00571d54,1,undefined
DAT_00571d58,00571d58,1,undefined
DAT_00571d5c,00571d5c,1,undefined
DAT_00571d60,00571d60,1,undefined
DAT_00571d64,00571d64,1,undefined
DAT_00571d68,00571d68,1,undefined
DAT_00571d6c,00571d6c,1,undefined
DAT_00571d70,00571d70,1,undefined
DAT_00571d74,00571d74,1,undefined
DAT_00571d78,00571d78,1,undefined
DAT_00571d7c,00571d7c,1,undefined1
DAT_00571d7d,00571d7d,1,undefined1
DAT_00571d80,00571d80,1,undefined
DAT_00571d84,00571d84,1,undefined
s_CDPath_00571d8c,00571d8c,7,string
s_HDPath_00571d94,00571d94,7,string
DAT_00571da0,00571da0,1,undefined
DAT_00571da4,00571da4,1,undefined
DAT_00571da8,00571da8,1,undefined
DAT_00571dac,00571dac,1,undefined
DAT_00571db8,00571db8,1,undefined
DAT_00571dd0,00571dd0,1,undefined
DAT_00571e00,00571e00,1,undefined
DAT_00571e04,00571e04,1,undefined
DAT_00571e08,00571e08,1,undefined
DAT_00571e0c,00571e0c,1,undefined
DAT_00571e10,00571e10,1,undefined
DAT_00571e14,00571e14,1,undefined
DAT_00571e18,00571e18,1,undefined
DAT_00571e1c,00571e1c,1,undefined
DAT_00571e20,00571e20,1,undefined
DAT_00571e24,00571e24,1,undefined
DAT_00571e28,00571e28,1,undefined
DAT_00571e2c,00571e2c,1,undefined
DAT_00571e30,00571e30,1,undefined
DAT_00571e3c,00571e3c,1,undefined
DAT_00571e48,00571e48,1,undefined
DAT_00571e60,00571e60,1,undefined
DAT_00571e6c,00571e6c,4,undefined4
PTR_DAT_00571e70,00571e70,4,pointer
DAT_00571e78,00571e78,1,undefined
DAT_00571e90,00571e90,1,undefined
DAT_00571ea8,00571ea8,1,undefined
DAT_00571ec0,00571ec0,1,undefined
DAT_00571ed8,00571ed8,1,undefined
DAT_00571ee4,00571ee4,1,undefined
DAT_00571ef0,00571ef0,1,undefined
DAT_00571efc,00571efc,1,undefined
s_Resolution_00571f08,00571f08,11,string
s_Format_00571f14,00571f14,7,string
s_Device_00571f1c,00571f1c,7,string
s_Driver_00571f24,00571f24,7,string
DAT_00571f2c,00571f2c,1,undefined
s_SoundVolume_00571f30,00571f30,12,string
s_SpeakerMode_00571f3c,00571f3c,12,string
s_MusicVolume_00571f48,00571f48,12,string
PTR_DAT_00571f54,00571f54,4,pointer
PTR_DAT_00571f58,00571f58,4,pointer
DAT_00571f60,00571f60,1,undefined
DAT_00571f64,00571f64,1,undefined
DAT_00571f68,00571f68,1,undefined
DAT_00571f6c,00571f6c,1,undefined
s_Can't_find_Wad_00571f74,00571f74,15,string
s_Couldnt_load_wad_tribe_%d,_level_00571f84,00571f84,53,string
DAT_00571fbc,00571fbc,1,undefined
DAT_005720e8,005720e8,4,undefined4
DAT_005720ec,005720ec,4,undefined4
DAT_00572100,00572100,2,undefined2
DAT_00572102,00572102,2,undefined2
DAT_0057211c,0057211c,1,undefined
s_SELECT_00572180,00572180,7,string
s_TURN_180_00572188,00572188,9,string
s_CYCLE_INVENTORY_DOWN_00572194,00572194,21,string
s_CYCLE_INVENTORY_UP_005721ac,005721ac,19,string
s_PAUSE_GAME_005721c0,005721c0,11,string
s_USE_AN_ITEM_005721cc,005721cc,12,string
DAT_005721d8,005721d8,1,undefined
s_ATTACK_005721e0,005721e0,7,string
s_STEP_RIGHT_005721e8,005721e8,11,string
s_STEP_LEFT_005721f4,005721f4,10,string
s_GO_BACKWARDS_00572200,00572200,13,string
s_GO_FORWARDS_00572210,00572210,12,string
s_TURN_RIGHT_0057221c,0057221c,11,string
s_TURN_LEFT_00572228,00572228,10,string
s_InputDevice_%s_00572234,00572234,15,string
DAT_00572244,00572244,1,undefined
DAT_0057224c,0057224c,1,undefined
s_X1:%08X_Y1:%08X_X2:%08X_Y2:%08X_00572254,00572254,33,string
s_InputDevice_%s_%s_00572278,00572278,18,string
DAT_0057228c,0057228c,4,undefined4
DAT_00572290,00572290,1,undefined1
DAT_00572294,00572294,1,undefined
DAT_00572298,00572298,1,undefined1
s_SoundEffectsVolume_005722c8,005722c8,19,string
s_Groove_005722dc,005722dc,8,string
s_roove_005722dc+1,005722dd,1,undefined
DAT_005722e4,005722e4,1,undefined
s_08x_005722e5+0xf,005722f4,1,undefined
DAT_005722fe,005722fe,1,undefined
DAT_0057235a,0057235a,2,undefined2
DAT_00572360,00572360,1,undefined
DAT_00572364,00572364,1,undefined
DAT_00572368,00572368,1,undefined
DAT_00572420,00572420,1,undefined
s_TEST9.TLE_005724a8,005724a8,10,string
DAT_005724b4,005724b4,1,undefined
DAT_005724bc,005724bc,4,undefined4
s_%sking%d.ksv_005724c0,005724c0,13,string
DAT_005724d4,005724d4,4,undefined4
DAT_005724d8,005724d8,1,undefined
PTR_DAT_005724dc,005724dc,4,pointer
DAT_005724e0,005724e0,1,undefined
s_englogo.cor_005724e3+1,005724e4,1,undefined
s_argologompeg.dat_005724f0,005724f0,17,string
s_movinfo.cor_00572504,00572504,12,string
s_arglogo.cor_00572510,00572510,12,string
s_disney.cor_0057251c,0057251c,11,string
s_disneylogompeg.dat_00572528,00572528,19,string
s_DEFANIM.WAD_0057253c,0057253c,12,string
s_-display_diagnostics_00572548,00572548,21,string
DAT_00572560,00572560,1,undefined
s_111.cor_00572564,00572564,8,string
s_EnumDisplayDevicesA_0057256c,0057256c,20,string
s_GetMonitorInfoA_00572580,00572580,16,string
s_EnumDisplayMonitors_00572590,00572590,20,string
s_MonitorFromPoint_005725a4,005725a4,17,string
s_MonitorFromRect_005725b8,005725b8,16,string
s_MonitorFromWindow_005725c8,005725c8,18,string
s_GetSystemMetrics_005725dc,005725dc,17,string
s_USER32_005725f0,005725f0,7,string
s_DISPLAY_005725f8,005725f8,8,string
s_AppIcon_00572600,00572600,8,string
s_WinMain:_capture_failed_(ncap_=_%_00572608,00572608,36,string
s_capture%d.tga_0057262c,0057262c,14,string
s_132INTRO_00572640,00572640,9,string
s_131INTRO_00572649,00572649,9,string
s_31INTRO_00572649+1,0057264a,1,undefined
s_133INTRO_00572652,00572652,9,string
s_Could_not_create_a_CLSID_MultiMe_00572664,00572664,91,string
s_pAMStream->OpenFile(wPath,_0)_fa_005726c0,005726c0,61,string
s_pAMStream->AddMediaStream(pDD,_&_00572700,00572700,92,string
s_pAMStream->Initialize(STREAMTYPE_0057275c,0057275c,97,string
s_CoCreateInstance(CLSID_AMMultiMe_005727c0,005727c0,148,string
s_pMMStream->SetState(STREAMSTATE__00572854,00572854,69,string
s_pMMStream->SetState(STREAMSTATE__0057289c,0057289c,68,string
s_pSurface->QueryInterface(IID_IDi_005728e0,005728e0,103,string
s_pSample->GetSurface(&pSurface,_&_00572948,00572948,69,string
s_pDDStream->CreateSample(NULL,_NU_00572990,00572990,80,string
s_pPrimaryVidStream->QueryInterfac_005729e0,005729e0,114,string
s_pMMStream->GetMediaStream(MSPID__00572a54,00572a54,97,string
s_movies_00572ab8,00572ab8,7,string
DAT_00572ac0,00572ac0,1,undefined
DAT_00572ee0,00572ee0,4,undefined4
PTR_DAT_00572ee4,00572ee4,4,pointer
PTR_s_SoftwareDrawDistanceMode_00572ee8,00572ee8,4,pointer
DAT_00572eec,00572eec,1,undefined1
DAT_00572eed,00572eed,1,undefined1
DAT_00572ef0,00572ef0,4,undefined4
PTR_DAT_00572ef4,00572ef4,4,pointer
PTR_s_SoftwareDrawDistanceScale_00572ef8,00572ef8,4,pointer
DAT_00572efc,00572efc,1,undefined1
DAT_00572efd,00572efd,1,undefined1
DAT_00573154,00573154,1,undefined
s_SoftwareDrawDistanceScale_005733c0,005733c0,26,string
s_SoftwareDrawDistanceMode_005733dc,005733dc,25,string
DAT_005733f8,005733f8,4,undefined4
DAT_005733f8+1,005733f9,1,undefined
DAT_00573400,00573400,1,undefined1
DAT_00573401,00573401,1,undefined1
DAT_00573404,00573404,4,undefined4
DAT_00573410,00573410,1,undefined
DAT_00573413,00573413,1,undefined
DAT_0057341c,0057341c,4,undefined4
DAT_00573428,00573428,4,undefined4
DAT_00573450,00573450,1,undefined
DAT_00573453,00573453,1,undefined
DAT_0057345c,0057345c,1,undefined
DAT_00573464,00573464,1,undefined
DAT_00573468,00573468,1,undefined
DAT_00573478,00573478,1,undefined
DAT_00573490,00573490,1,undefined
DAT_005734a8,005734a8,4,undefined4
DAT_005734ad,005734ad,1,undefined
DAT_005734d0,005734d0,1,undefined
DAT_005734e4,005734e4,1,undefined
DAT_005734e8,005734e8,1,undefined
DAT_005734ed,005734ed,1,undefined
DAT_00573510,00573510,1,undefined
DAT_00573528,00573528,1,undefined
DAT_0057352d,0057352d,1,undefined
DAT_00573538,00573538,1,undefined
DAT_00573550,00573550,1,undefined
DAT_0057355c,0057355c,1,undefined
DAT_00573568,00573568,1,undefined
DAT_0057356d,0057356d,1,undefined
DAT_00573578,00573578,1,undefined
DAT_00573590,00573590,1,undefined
DAT_0057359c,0057359c,1,undefined
DAT_005735a8,005735a8,1,undefined
DAT_005735ad,005735ad,1,undefined
DAT_005735b8,005735b8,1,undefined
DAT_005735d0,005735d0,1,undefined
DAT_005735e4,005735e4,1,undefined
DAT_005735e8,005735e8,1,undefined
DAT_005735ed,005735ed,1,undefined
DAT_00573610,00573610,1,undefined
DAT_00573613,00573613,1,undefined
DAT_0057361c,0057361c,1,undefined
DAT_00573624,00573624,4,undefined4
DAT_00573628,00573628,4,undefined4
DAT_00573650,00573650,1,undefined
DAT_00573653,00573653,1,undefined
DAT_0057365c,0057365c,1,undefined
DAT_00573664,00573664,4,undefined4
DAT_00573668,00573668,4,undefined4
DAT_0057366d,0057366d,1,undefined
DAT_00573690,00573690,1,undefined
DAT_00573693,00573693,1,undefined
DAT_0057369c,0057369c,1,undefined
DAT_005736a4,005736a4,4,undefined4
DAT_005736a8,005736a8,4,undefined4
DAT_005736d0,005736d0,1,undefined
DAT_005736d3,005736d3,1,undefined
DAT_005736dc,005736dc,1,undefined
DAT_005736e8,005736e8,4,undefined4
DAT_00573710,00573710,1,undefined
DAT_00573713,00573713,1,undefined
DAT_0057371c,0057371c,1,undefined
DAT_00573724,00573724,4,undefined4
DAT_00573728,00573728,4,undefined4
DAT_00573750,00573750,1,undefined
DAT_00573790,00573790,1,undefined
DAT_00573793,00573793,1,undefined
DAT_0057379c,0057379c,1,undefined
DAT_005737a8,005737a8,4,undefined4
DAT_005737d0,005737d0,4,undefined4
DAT_005737d4,005737d4,4,undefined4
DAT_005737dc,005737dc,4,undefined4
DAT_005737f0,005737f0,4,undefined4
DAT_005737f4,005737f4,4,undefined4
DAT_00573810,00573810,1,undefined
DAT_00573818,00573818,1,undefined
DAT_00573828,00573828,1,undefined
DAT_00573838,00573838,1,undefined
DAT_00573840,00573840,1,undefined
DAT_00573848,00573848,1,undefined
DAT_0057384c,0057384c,1,undefined
DAT_00573854,00573854,1,undefined
DAT_00573858,00573858,1,undefined
DAT_0057385d,0057385d,1,undefined
DAT_0057385e,0057385e,1,undefined
DAT_0057385f,0057385f,1,undefined
DAT_00573860,00573860,1,undefined
DAT_0057387c,0057387c,1,undefined
DAT_00573880,00573880,1,undefined
DAT_005738c0,005738c0,1,undefined
DAT_00573940,00573940,4,undefined4
s_Kronk_00573944,00573944,6,string
s_Kuzco_0057394c,0057394c,6,string
DAT_00573958,00573958,1,undefined
DAT_00573960,00573960,1,undefined
DAT_00573962,00573962,1,undefined
DAT_00573964,00573964,1,undefined
DAT_00573ac0,00573ac0,1,undefined
DAT_00573ae0,00573ae0,1,undefined
DAT_00573b00,00573b00,1,undefined
DAT_00573d20,00573d20,4,undefined4
DAT_00573d24,00573d24,4,undefined4
DAT_00573d28,00573d28,4,undefined4
DAT_00573d2c,00573d2c,4,undefined4
DAT_00573d2c+1,00573d2d,1,undefined
DAT_00573d30,00573d30,1,undefined1
DAT_00573d34,00573d34,1,undefined1
DAT_00573d35,00573d35,1,undefined
DAT_00573d36,00573d36,1,undefined
DAT_00573d38,00573d38,4,undefined4
DAT_00573d3c,00573d3c,4,undefined4
DAT_00573d40,00573d40,4,undefined4
DAT_00573d4c,00573d4c,1,undefined1
DAT_00573d4d,00573d4d,1,undefined1
DAT_00573d4e,00573d4e,1,undefined1
DAT_00573d4f,00573d4f,1,undefined1
DAT_00573d50,00573d50,1,undefined1
DAT_00573d51,00573d51,1,undefined1
DAT_00573d52,00573d52,1,undefined1
DAT_00573d53,00573d53,1,undefined1
DAT_00573d54,00573d54,1,undefined1
DAT_00573d55,00573d55,1,undefined1
DAT_00573d56,00573d56,1,undefined1
DAT_00573d57,00573d57,1,undefined1
PTR_DAT_00573d68,00573d68,4,pointer
DAT_00573d74,00573d74,1,undefined
DAT_00573d78,00573d78,1,undefined
DAT_00573d7c,00573d7c,1,undefined
DAT_00573e28,00573e28,1,undefined
DAT_00573eb8,00573eb8,4,undefined4
DAT_00573ebc,00573ebc,4,undefined4
DAT_00573ec0,00573ec0,4,undefined4
DAT_00573ec0+1,00573ec1,1,undefined
DAT_00573ec4,00573ec4,4,undefined4
DAT_00573ec8,00573ec8,4,undefined4
DAT_00573ecc,00573ecc,1,undefined1
DAT_00573ecd,00573ecd,1,undefined1
DAT_00573ed0,00573ed0,4,undefined4
DAT_00573ed4,00573ed4,4,undefined4
DAT_00573ed9,00573ed9,1,undefined
DAT_00573ef8,00573ef8,4,undefined4
DAT_00573efc,00573efc,4,undefined4
DAT_00573efc+1,00573efd,1,undefined
DAT_00573f00,00573f00,4,undefined4
DAT_00573f00+1,00573f01,1,undefined
DAT_00573f04,00573f04,4,undefined4
DAT_00573f08,00573f08,4,undefined4
DAT_00573f0c,00573f0c,4,undefined4
DAT_00573f0c+1,00573f0d,1,undefined
DAT_00573f10,00573f10,4,undefined4
DAT_00573f14,00573f14,4,undefined4
DAT_00573f18,00573f18,1,undefined1
DAT_00573f19,00573f19,1,undefined1
DAT_00574060,00574060,4,undefined4
DAT_00574064,00574064,4,undefined4
DAT_00574068,00574068,4,undefined4
DAT_0057406c,0057406c,4,undefined4
DAT_00574070,00574070,4,undefined4
DAT_00574074,00574074,4,undefined4
DAT_00574078,00574078,4,undefined4
DAT_0057407c,0057407c,4,undefined4
DAT_005740a0,005740a0,4,undefined4
DAT_005740a4,005740a4,4,undefined4
DAT_005740a8,005740a8,4,undefined4
DAT_005740ac,005740ac,4,undefined4
DAT_005740b0,005740b0,4,undefined4
DAT_005740b4,005740b4,4,undefined4
DAT_00574208,00574208,4,undefined4
DAT_0057420c,0057420c,4,undefined4
DAT_00574210,00574210,4,undefined4
DAT_00574280,00574280,1,undefined
DAT_00574298,00574298,1,undefined
DAT_00574318,00574318,4,undefined4
DAT_00574518,00574518,4,undefined4
DAT_00575318,00575318,4,undefined4
DAT_00575518,00575518,4,undefined4
DAT_00575c18,00575c18,4,undefined4
DAT_00575d18,00575d18,4,undefined4
s_%s\%s%03d.wav_00578318,00578318,14,string
s_%s%03d.bmp_00578328,00578328,11,string
s_%s\%s.wav_00578334,00578334,10,string
DAT_00578340,00578340,1,undefined1
DAT_00578341,00578341,1,undefined1
DAT_00578344,00578344,1,undefined1
s_FrameAdvanceDelay_00578348,00578348,18,string
DAT_00578360,00578360,4,undefined4
DAT_00578378,00578378,4,undefined4
s_ENGLISH_00578940,00578940,8,string
DAT_00578960,00578960,1,undefined
DAT_00578c78,00578c78,1,undefined
s_FESOUND.WAD_00578df8,00578df8,12,string
s_Failed_to_load_generic_sound_id_%_00578e04,00578e04,35,string
s_Failed_to_load_fesound_id_%d_00578e28,00578e28,29,string
s_Music_00578e48,00578e48,6,string
s_%s.CVS_00578e50,00578e50,7,string
s_Stream::Music_is_already_playing_00578e58,00578e58,33,string
s_%s.ASF_00578e7c,00578e7c,7,string
s_Stream::Invalid_stream_file_00578e84,00578e84,28,string
s_Creative_Labs_EAX_2_(TM)_00578ea0,00578ea0,28,string
s_reative_Labs_EAX_2_(TM)_00578ea0+1,00578ea1,1,undefined
s_eative_Labs_EAX_2_(TM)_00578ea0+2,00578ea2,1,undefined
s_SoundDevice_00578ebc,00578ebc,12,string
s_Failed_to_load_ambient_sound_id_%_00578ec8,00578ec8,35,string
DAT_00578ef0,00578ef0,2,undefined2
DAT_00578ef4,00578ef4,4,undefined4
DAT_00578ef8,00578ef8,1,undefined
DAT_00578efc,00578efc,1,undefined
DAT_00578f00,00578f00,1,undefined
DAT_00578f04,00578f04,1,undefined
PTR_sub_426860_00578f28,00578f28,4,undefined *
s_CREDITS.dat_00578f70,00578f70,12,string
PTR_sub_426500_00578f7c,00578f7c,4,undefined *
s_T1%d%d.COR_00578fc4,00578fc4,11,string
s_%d%d%dINTRO.DAT_00578fd0,00578fd0,16,string
s_GAMEOVER.COR_00578fe0,00578fe0,13,string
s_EULOGY.DAT_00578ff0,00578ff0,12,string
s_GY.DAT_00578ff0+4,00578ff4,1,undefined
s_Crd.DB.Level_%d,_Crd.DB.Map_%d_00578ffc,00578ffc,34,string
s_%d%d%dOUTRO.DAT_00579020,00579020,16,string
s_Clear_all_Streams_00579030,00579030,19,string
s_%d%d%d.COR_00579044,00579044,11,string
PTR_sub_426500_00579050,00579050,4,undefined *
DAT_005790a0,005790a0,1,undefined
DAT_005790a4,005790a4,4,undefined4
DAT_005790b0,005790b0,4,undefined4
DAT_005790b4,005790b4,4,undefined4
DAT_005790b8,005790b8,4,undefined4
DAT_005790bc,005790bc,1,undefined
s_Blank_005790d0,005790d0,6,string
PTR_sub_426500_005796bc,005796bc,4,undefined *
s_%%%s:_stCollide_AlienVar_005797d0,005797d0,26,string
s_%%%s:_stCollide_AlienVarAddress_005797ec,005797ec,33,string
s_%%%s:_stCollide_AlienVar_Equals_00579810,00579810,33,string
s_%%%s:_stFlash_00579834,00579834,15,string
s_%%%s:_stTrans_00579844,00579844,15,string
s_%%%s:_stWpdel_00579854,00579854,15,string
s_%%%s:_stWpnew_00579864,00579864,15,string
s_%%%s:_stAnimsetspeed_00579874,00579874,22,string
s_%%%s:_stCollheight_0057988c,0057988c,20,string
s_%%%s:_stCollview_005798a0,005798a0,18,string
s_%%%s:_stRelease_005798b4,005798b4,17,string
s_%%%s:_stMapadd_005798c8,005798c8,16,string
s_%%%s:_stMapreplace_005798d8,005798d8,20,string
s_%%%s:_stLink_005798ec,005798ec,14,string
s_%%%s:_stUnlink_005798fc,005798fc,16,string
s_%%%s:_stStreamPlay_0057990c,0057990c,20,string
s_%%%s:_stStreamQueue_00579920,00579920,21,string
s_%%%s:_stIsLight_00579938,00579938,17,string
s_%%%s:_stLightCol_0057994c,0057994c,18,string
s_%%%s:_stLightFade_00579960,00579960,19,string
s_%%%s:_stLightAtten_00579974,00579974,20,string
s_%%%s:_stLightType_00579988,00579988,19,string
s_*****_All_coins_collected_******_0057999c,0057999c,34,string
DAT_005799c0,005799c0,1,undefined
s_show_level_start_info_%d_005799ec,005799ec,27,string
DAT_00579a08,00579a08,1,undefined
DAT_00579a38,00579a38,1,undefined
s_DirectDrawCreateEx_00579a68,00579a68,19,string
s_DDRAW.DLL_00579a7c,00579a7c,10,string
s_'Le_follie_dell'Imperatore'_di_D_00579a88,00579a88,71,string
s_Punto-5_00579ad0,00579ad0,8,string
DAT_00579ad8,00579ad8,1,undefined
s_Azione_00579afc,00579afc,7,string
s_Volume_ambiente_00579b04,00579b04,16,string
s_Contorni_sfumati_00579b14,00579b14,17,string
DAT_00579b28,00579b28,1,undefined
s_Impossibile_avviare_Direct_Draw_00579b34,00579b34,32,string
s_Impossibile_avviare_DirectInput_00579b54,00579b54,32,string
DAT_00579b74,00579b74,1,undefined
s_Impossibile_avviare_il_gioco_00579bb0,00579bb0,29,string
s_Inserire_il_CD_del_gioco_per_com_00579bd0,00579bd0,40,string
s_Carica_00579bf8,00579bf8,7,string
s_Colore_00579c00,00579c00,7,string
s_Configura_joystick_00579c08,00579c08,19,string
s_Configura_tastiera_00579c1c,00579c1c,19,string
s_Premi_INVIO_per_salvare_00579c30,00579c30,24,string
s_Oppure_premi_ESC_per_continuare_00579c48,00579c48,32,string
s_Premi_Invio_per_continuare_00579c68,00579c68,27,string
s_Contrasto_00579c84,00579c84,10,string
s_Impostazioni_predefinite_00579c90,00579c90,25,string
s_Definisci_i_comandi_00579cac,00579cac,20,string
DAT_00579cc0,00579cc0,1,undefined
DAT_00579cec,00579cec,1,undefined
s_Dithering_00579d08,00579d08,10,string
DAT_00579d14,00579d14,1,undefined
s_Distanza_di_lancio_00579d18,00579d18,19,string
s_Altoparlanti:_5.1_00579d2c,00579d2c,18,string
s_Gamma_00579d40,00579d40,6,string
s_Opzioni_grafica_00579d48,00579d48,16,string
s_Cuffie_00579d58,00579d58,7,string
s_Altoparlanti:_Cuffie_00579d60,00579d60,21,string
s_Salta_00579d78,00579d78,6,string
s_Sinistra_00579d80,00579d80,9,string
s_Illuminazione_00579d8c,00579d8c,14,string
s_INVIO_Carica_e_continua_il_gioco_00579d9c,00579d9c,46,string
s_SPAZIO_Cancella_e_inizia_un_nuov_00579dcc,00579dcc,40,string
s_Visualizzazione_00579df4,00579df4,16,string
s_Massima_00579e04,00579e04,8,string
s_Media_00579e0c,00579e0c,6,string
s_Minima_00579e14,00579e14,7,string
s_Opzioni_varie_00579e1c,00579e1c,14,string
s_INVIO_Inizia_un_nuovo_gioco_ESC_I_00579e2c,00579e2c,41,string
DAT_00579e8c,00579e8c,1,undefined
s_Esci_alla_mappa_di_selezione_00579e94,00579e94,29,string
s_Esci_dal_gioco_00579eb4,00579eb4,15,string
DAT_00579ec4,00579ec4,1,undefined
DAT_00579ee8,00579ee8,1,undefined
s_Ritorna_alle_opzioni_grafica_00579f00,00579f00,29,string
s_Destra_00579f38,00579f38,7,string
s_Ruota_visualizzazione_a_sinistra_00579f40,00579f40,33,string
s_Ruota_visualizzazione_a_destra_00579f64,00579f64,31,string
s_INVIO_Salva_il_gioco_00579f84,00579f84,21,string
s_SPAZIO_Cancella_e_salva_un_nuovo_00579f9c,00579f9c,39,string
s_INVIO_Seleziona_00579fc4,00579fc4,16,string
s_INVIO_Seleziona_ESC_Indietro_00579fd4,00579fd4,29,string
s_Spazio_per_vista_galleria_00579ff4,00579ff4,26,string
s_TASTI_FRECCIA_scegli_un_gioco_0057a010,0057a010,30,string
s_INVIO_per_scegliere_un_gioco_ESC_0057a030,0057a030,42,string
s_INVIO_scegli_livello/mappa_ESC_i_0057a05c,0057a05c,40,string
s_TASTI_FRECCIA_cambia_livello/map_0057a084,0057a084,35,string
s_Volume_effetto_0057a0b8,0057a0b8,15,string
s_Configurazione_altoparlanti_0057a0c8,0057a0c8,28,string
s_Surround_0057a104,0057a104,9,string
s_ESC_Indietro_0057a110,0057a110,13,string
s_ESC_Annulla_0057a120,0057a120,12,string
s_Correzione_effetto_traslucido_0057a12c,0057a12c,30,string
s_Effetto_offuscamento_traslucido_0057a14c,0057a14c,32,string
DAT_0057a16c,0057a16c,1,undefined
s_Feedback_forza_0057a17c,0057a17c,15,string
s_Pannello_visualizzazione_0057a18c,0057a18c,25,string
DAT_0057a1a8,0057a1a8,1,undefined
s_Orsacchiotto_trovato_0057a1ac,0057a1ac,21,string
s_INVIO_Continua_0057a1c4,0057a1c4,15,string
s_INVIO_Seleziona_0057a1d4,0057a1d4,16,string
s_INVIO_Avvio_0057a1e4,0057a1e4,12,string
s_Se_continui_tutti_0057a218,0057a218,18,string
s_i_dati_saranno_cancellati_0057a22c,0057a22c,26,string
s_Premi_un_pulsante_0057a248,0057a248,18,string
s_Se_giocherai_di_nuovo_in_questo_l_0057a500,0057a500,40,string
s_perderai_quelli_giocati_successi_0057a528,0057a528,41,string
s_Opzioni_0057a554,0057a554,8,string
DAT_0057a55c,0057a55c,1,undefined
s_Pausa_0057a56c,0057a56c,6,string
s_Inizia_Gioco_0057a574,0057a574,13,string
s_Scegli_un_gioco_0057a584,0057a584,16,string
s_Controller_sconosciuto_0057a594,0057a594,23,string
s_Opzioni_musica_0057a5ac,0057a5ac,15,string
s_Volume_musica_0057a5bc,0057a5bc,14,string
s_Volume_0057a5cc,0057a5cc,7,string
s_Volume_dialogo_0057a5d4,0057a5d4,15,string
s_Continua_0057a5e4,0057a5e4,9,string
s_Ritorna_al_menu_Opzioni_0057a5f0,0057a5f0,24,string
s_Centra_schermo_0057a608,0057a608,15,string
s_$_Centra_schermo_0057a618,0057a618,17,string
s_Scegli_lingua_0057a62c,0057a62c,14,string
DAT_0057a63c,0057a63c,1,undefined
s_Opzioni_audio_0057a64c,0057a64c,14,string
DAT_0057a65c,0057a65c,1,undefined
s_Stereo_0057a664,0057a664,7,string
s_Surround_0057a66c,0057a66c,9,string
s_Taratura_Controller_0057a678,0057a678,20,string
s_Opzioni_Controller_0057a68c,0057a68c,19,string
s_Ritorna_al_menu_principale_0057a6a0,0057a6a0,27,string
s_Ripristina_le_impostazioni_prede_0057a6bc,0057a6bc,39,string
s_Pannello_visualizzazione_0057a6e4,0057a6e4,25,string
s_Vibrazione_0057a700,0057a700,11,string
DAT_0057a70c,0057a70c,1,undefined
DAT_0057a714,0057a714,1,undefined
DAT_0057a718,0057a718,1,undefined
s_Attivata_0057a71c,0057a71c,9,string
s_Disattivata_0057a728,0057a728,12,string
s_Attivato_0057a734,0057a734,9,string
s_Disattivato_0057a740,0057a740,12,string
s_Attivati_0057a74c,0057a74c,9,string
s_Disattivati_0057a758,0057a758,12,string
s_Sei_sicuro_che_vuoi_0057a7b4,0057a7b4,20,string
s_uscire?_0057a7c8,0057a7c8,8,string
s_Sei_sicuro?_0057a7d0,0057a7d0,12,string
s_Salvataggio_gioco_1_0057a808,0057a808,20,string
s_Salvataggio_gioco_2_0057a81c,0057a81c,20,string
s_Salvataggio_gioco_3_0057a830,0057a830,20,string
s_Il_villaggio_0057a844,0057a844,13,string
s_La_giungla_di_notte_0057a854,0057a854,20,string
s_Il_fiume_0057a868,0057a868,9,string
s_La_giungla_di_giorno_0057a874,0057a874,21,string
s_La_montagna_0057a88c,0057a88c,12,string
DAT_0057a898,0057a898,1,undefined
s_Le_catacombe_0057a8a4,0057a8a4,13,string
s_Il_laboratorio_0057a8b4,0057a8b4,15,string
s_LivelloTest_0057a8c4,0057a8c4,12,string
s_Capitolo_0057a8d0,0057a8d0,9,string
s_Monete_d'oro_0057a8dc,0057a8dc,13,string
s_Area_cancellata_0057a8ec,0057a8ec,16,string
s_Segreti_trovati_0057a8fc,0057a8fc,16,string
s_SEGRETO!_0057a90c,0057a90c,9,string
s_Punto_di_controllo_0057a918,0057a918,19,string
s_Monete_raccolte_0057a92c,0057a92c,16,string
s_Monete_0057a93c,0057a93c,7,string
s_Statistiche_0057a944,0057a944,12,string
s_Salvare?_0057aaa8,0057aaa8,9,string
s_VUOTO_0057ab44,0057ab44,6,string
s_Caricamento_eseguito_0057ab4c,0057ab4c,21,string
DAT_0057ab64,0057ab64,1,undefined
s_Caricamento_dati_in_corso...._0057ab80,0057ab80,30,string
s_Eseguito_0057aba0,0057aba0,9,string
s_Uscita_0057abac,0057abac,7,string
s_CARICAMENTO_IN_CORSO..._0057abc4,0057abc4,24,string
DAT_0057abdc,0057abdc,1,undefined
s_Default_0057abf8,0057abf8,8,string
s_Invertita_0057ac00,0057ac00,10,string
s_Argonaut_Games_PLC_0057b0b4,0057b0b4,19,string
PTR_s_'Le_follie_dell'Imperatore'_di_D_0057ba30,0057ba30,4,undefined *
PTR_s_Pannello_visualizzazione_0057ba34,0057ba34,4,undefined *
PTR_s_Inserire_il_CD_del_gioco_per_com_0057ba3c,0057ba3c,4,pointer
PTR_DAT_0057ba40,0057ba40,4,pointer
PTR_s_Impossibile_avviare_il_gioco_0057ba44,0057ba44,4,pointer
PTR_s_Impossibile_avviare_Direct_Draw_0057ba48,0057ba48,4,pointer
PTR_DAT_0057ba4c,0057ba4c,4,pointer
PTR_s_Impossibile_avviare_DirectInput_0057ba50,0057ba50,4,undefined *
PTR_s_SEGRETO!_0057ba54,0057ba54,4,undefined *
PTR_s_Punto_di_controllo_0057ba58,0057ba58,4,undefined *
PTR_s_Opzioni_grafica_0057ba5c,0057ba5c,4,undefined *
PTR_s_Opzioni_audio_0057ba60,0057ba60,4,undefined *
PTR_s_Configura_tastiera_0057ba64,0057ba64,4,undefined *
PTR_s_Configura_joystick_0057ba68,0057ba68,4,undefined *
PTR_s_Opzioni_varie_0057ba6c,0057ba6c,4,undefined *
PTR_s_Esci_dal_gioco_0057ba70,0057ba70,4,undefined *
PTR_s_Esci_alla_mappa_di_selezione_0057ba74,0057ba74,4,undefined *
PTR_s_Impostazioni_predefinite_0057ba78,0057ba78,4,undefined *
PTR_DAT_0057ba7c,0057ba7c,4,undefined *
PTR_s_Colore_0057ba80,0057ba80,4,undefined *
PTR_DAT_0057ba84,0057ba84,4,undefined *
PTR_DAT_0057ba88,0057ba88,4,undefined *
PTR_s_Ritorna_alle_opzioni_grafica_0057ba8c,0057ba8c,4,undefined *
PTR_DAT_0057ba90,0057ba90,4,undefined *
PTR_DAT_0057ba94,0057ba94,4,undefined *
PTR_s_Minima_0057ba98,0057ba98,4,undefined *
PTR_s_Media_0057ba9c,0057ba9c,4,undefined *
PTR_s_Massima_0057baa0,0057baa0,4,undefined *
PTR_s_Default_0057baa4,0057baa4,4,undefined *
PTR_s_Invertita_0057baa8,0057baa8,4,undefined *
PTR_DAT_0057baac,0057baac,4,undefined *
PTR_DAT_0057bab0,0057bab0,4,undefined *
PTR_s_Sinistra_0057bab4,0057bab4,4,undefined *
PTR_s_Destra_0057bab8,0057bab8,4,undefined *
PTR_s_Salta_0057babc,0057babc,4,undefined *
PTR_s_Azione_0057bac0,0057bac0,4,undefined *
PTR_s_Carica_0057bac4,0057bac4,4,undefined *
PTR_s_Visualizzazione_0057bac8,0057bac8,4,undefined *
PTR_s_Ruota_visualizzazione_a_sinistra_0057bacc,0057bacc,4,undefined *
PTR_s_Ruota_visualizzazione_a_destra_0057bad0,0057bad0,4,undefined *
PTR_s_Distanza_di_lancio_0057bad4,0057bad4,4,undefined *
PTR_s_Illuminazione_0057bad8,0057bad8,4,undefined *
PTR_s_Dithering_0057badc,0057badc,4,undefined *
PTR_s_Correzione_effetto_traslucido_0057bae0,0057bae0,4,undefined *
PTR_s_Contorni_sfumati_0057bae4,0057bae4,4,undefined *
PTR_s_Effetto_offuscamento_traslucido_0057bae8,0057bae8,4,undefined *
PTR_DAT_0057baec,0057baec,4,undefined *
PTR_s_Contrasto_0057baf0,0057baf0,4,undefined *
PTR_s_Gamma_0057baf4,0057baf4,4,undefined *
PTR_s_Configurazione_altoparlanti_0057bafc,0057bafc,4,undefined *
PTR_s_Cuffie_0057bb00,0057bb00,4,undefined *
PTR_DAT_0057bb04,0057bb04,4,undefined *
PTR_s_Stereo_0057bb08,0057bb08,4,undefined *
PTR_s_Surround_0057bb0c,0057bb0c,4,undefined *
PTR_s_Punto-5_0057bb10,0057bb10,4,undefined *
PTR_DAT_0057bb14,0057bb14,4,undefined *
PTR_s_Se_giocherai_di_nuovo_in_questo_l_0057bb20,0057bb20,4,pointer
PTR_s_perderai_quelli_giocati_successi_0057bb24,0057bb24,4,pointer
PTR_s_INVIO_Seleziona_0057bb2c,0057bb2c,4,undefined *
PTR_s_Premi_INVIO_per_salvare_0057bb48,0057bb48,4,undefined *
PTR_s_Oppure_premi_ESC_per_continuare_0057bb4c,0057bb4c,4,undefined *
PTR_s_Ritorna_al_menu_principale_0057bb5c,0057bb5c,4,undefined *
PTR_s_Volume_effetto_0057bb80,0057bb80,4,undefined *
PTR_s_Volume_musica_0057bb84,0057bb84,4,undefined *
PTR_s_Continua_0057bb90,0057bb90,4,undefined *
PTR_DAT_0057bba0,0057bba0,4,undefined *
PTR_DAT_0057bba4,0057bba4,4,pointer
PTR_DAT_0057bba8,0057bba8,4,undefined *
PTR_s_Attivati_0057bbb4,0057bbb4,4,undefined *
PTR_s_Disattivati_0057bbb8,0057bbb8,4,undefined *
PTR_s_Attivato_0057bbbc,0057bbbc,4,undefined *
PTR_s_Disattivato_0057bbc0,0057bbc0,4,undefined *
PTR_s_Sei_sicuro_che_vuoi_0057bbc4,0057bbc4,4,pointer
PTR_s_Sei_sicuro?_0057bbc8,0057bbc8,4,pointer
PTR_s_uscire?_0057bbcc,0057bbcc,4,pointer
PTR_s_Se_continui_tutti_0057bbd4,0057bbd4,4,pointer
PTR_s_i_dati_saranno_cancellati_0057bbd8,0057bbd8,4,pointer
PTR_DAT_0057bbdc,0057bbdc,4,undefined *
PTR_s_VUOTO_0057bbe4,0057bbe4,4,undefined *
PTR_s_Inizia_Gioco_0057bbf0,0057bbf0,4,undefined *
PTR_s_INVIO_Carica_e_continua_il_gioco_0057bbf4,0057bbf4,4,undefined *
PTR_s_SPAZIO_Cancella_e_inizia_un_nuov_0057bbf8,0057bbf8,4,undefined *
PTR_s_INVIO_Inizia_un_nuovo_gioco_ESC_I_0057bbfc,0057bbfc,4,undefined *
PTR_s_Opzioni_0057bc00,0057bc00,4,undefined *
PTR_s_INVIO_Salva_il_gioco_0057bc08,0057bc08,4,undefined *
PTR_s_Salvare?_0057bc10,0057bc10,4,undefined *
PTR_s_Salvataggio_gioco_1_0057bc14,0057bc14,4,undefined *
PTR_s_Salvataggio_gioco_2_0057bc18,0057bc18,4,undefined *
PTR_s_Salvataggio_gioco_3_0057bc1c,0057bc1c,4,undefined *
PTR_s_Il_villaggio_0057bc20,0057bc20,4,undefined *
PTR_s_La_giungla_di_notte_0057bc24,0057bc24,4,undefined *
PTR_s_Il_fiume_0057bc28,0057bc28,4,undefined *
PTR_s_La_giungla_di_giorno_0057bc2c,0057bc2c,4,undefined *
PTR_s_La_montagna_0057bc30,0057bc30,4,undefined *
PTR_DAT_0057bc34,0057bc34,4,undefined *
PTR_s_Le_catacombe_0057bc38,0057bc38,4,undefined *
PTR_s_Il_laboratorio_0057bc3c,0057bc3c,4,undefined *
PTR_s_LivelloTest_0057bc40,0057bc40,4,undefined *
PTR_s_Capitolo_0057bc44,0057bc44,4,undefined *
PTR_s_Monete_d'oro_0057bc48,0057bc48,4,undefined *
PTR_s_Monete_raccolte_0057bc50,0057bc50,4,undefined *
PTR_s_Segreti_trovati_0057bc54,0057bc54,4,undefined *
PTR_s_Monete_0057bc5c,0057bc5c,4,undefined *
PTR_s_TASTI_FRECCIA_scegli_un_gioco_0057bc64,0057bc64,4,undefined *
PTR_s_TASTI_FRECCIA_cambia_livello/map_0057bc6c,0057bc6c,4,pointer
PTR_s_INVIO_scegli_livello/mappa_ESC_i_0057bc70,0057bc70,4,undefined *
PTR_s_Uscita_0057bc84,0057bc84,4,undefined *
PTR_s_Spazio_per_vista_galleria_0057bc88,0057bc88,4,undefined *
PTR_s_CARICAMENTO_IN_CORSO..._0057bc8c,0057bc8c,4,undefined *
PTR_DAT_0057bc90,0057bc90,4,undefined *
PTR_PTR_0057bc94,0057bc94,4,undefined *
PTR_s_Argonaut_Games_PLC_0057bcb8,0057bcb8,4,undefined *
s_%s.wad_0057c450,0057c450,7,string
s_T%01dI%01dM%03d_0057c458,0057c458,16,string
s_T%01dB%01dM%03d_0057c468,0057c468,16,string
s_T%01dS%01dM%03d_0057c478,0057c478,16,string
s_T%01dL%01dM%03d_0057c488,0057c488,16,string
DAT_0057c4a0,0057c4a0,4,undefined4
DAT_0057c4a4,0057c4a4,4,undefined4
DAT_0057c4a8,0057c4a8,4,undefined4
DAT_0057c4ac,0057c4ac,4,undefined4
DAT_0057c4b0,0057c4b0,4,undefined4
DAT_0057c4b4,0057c4b4,4,undefined4
DAT_0057c4b8,0057c4b8,4,undefined4
DAT_0057c4bc,0057c4bc,1,undefined
DAT_0057c4c0,0057c4c0,4,undefined4
DAT_0057c4c4,0057c4c4,1,undefined
DAT_0057c4c8,0057c4c8,4,undefined4
DAT_0057c4cc,0057c4cc,1,undefined
DAT_0057c4d0,0057c4d0,4,undefined4
DAT_0057c4d4,0057c4d4,1,undefined
DAT_0057c4d8,0057c4d8,4,undefined4
DAT_0057c4d8+2,0057c4da,1,undefined
DAT_0057c4dc,0057c4dc,1,undefined
DAT_0057c4e0,0057c4e0,4,undefined4
DAT_0057c4e0+2,0057c4e2,1,undefined
DAT_0057c4e4,0057c4e4,1,undefined
DAT_0057c4e8,0057c4e8,4,undefined4
DAT_0057c4e8+2,0057c4ea,1,undefined
DAT_0057c4ec,0057c4ec,1,undefined
DAT_0057c4f0,0057c4f0,4,undefined4
DAT_0057c4f0+2,0057c4f2,1,undefined
DAT_0057c4f4,0057c4f4,1,undefined
DAT_0057c508,0057c508,4,undefined4
DAT_0057c50c,0057c50c,1,undefined
DAT_0057c510,0057c510,4,undefined4
DAT_0057c514,0057c514,1,undefined
DAT_0057c518,0057c518,4,undefined4
DAT_0057c520,0057c520,4,undefined4
DAT_0057c528,0057c528,4,undefined4
DAT_0057c52c,0057c52c,4,undefined4
DAT_0057c530,0057c530,4,undefined4
DAT_0057c534,0057c534,4,undefined4
DAT_0057c538,0057c538,1,undefined
DAT_0057c53c,0057c53c,1,undefined
DAT_0057c540,0057c540,1,undefined
DAT_0057c544,0057c544,1,undefined
DAT_0057c548,0057c548,1,undefined
DAT_0057c54c,0057c54c,1,undefined
DAT_0057c550,0057c550,1,undefined
DAT_0057c554,0057c554,1,undefined
DAT_0057c558,0057c558,4,undefined4
DAT_0057c55c,0057c55c,4,undefined4
DAT_0057c560,0057c560,4,undefined4
DAT_0057c564,0057c564,4,undefined4
DAT_0057c564+2,0057c566,1,undefined
DAT_0057c568,0057c568,4,undefined4
DAT_0057c568+2,0057c56a,1,undefined
DAT_0057c56c,0057c56c,4,undefined4
DAT_0057c570,0057c570,4,undefined4
DAT_0057c594,0057c594,4,undefined4
DAT_0057c598,0057c598,4,undefined4
DAT_0057c59c,0057c59c,4,undefined4
DAT_0057c5a0,0057c5a0,4,undefined4
DAT_0057c5b8,0057c5b8,4,undefined4
DAT_0057c5bc,0057c5bc,4,undefined4
DAT_0057c5c0,0057c5c0,4,undefined4
DAT_0057c5c4,0057c5c4,4,undefined4
DAT_0057c688,0057c688,1,undefined
DAT_0057c690,0057c690,1,undefined
DAT_0057c6a0,0057c6a0,1,undefined
DAT_0057c6b4,0057c6b4,1,undefined
DAT_0057c6d8,0057c6d8,1,undefined
DAT_0057c6e4,0057c6e4,1,undefined
DAT_0057c6f0,0057c6f0,1,undefined
DAT_0057c710,0057c710,1,undefined
DAT_0057c730,0057c730,1,undefined
DAT_0057c734,0057c734,1,undefined
DAT_0057c738,0057c738,1,undefined
DAT_0057c740,0057c740,1,undefined
DAT_0057c744,0057c744,1,undefined
DAT_0057c748,0057c748,1,undefined
PTR_sub_5625F0_0057c758,0057c758,4,undefined *
DAT_0057c770,0057c770,1,undefined
DAT_0057c774,0057c774,4,undefined4
DAT_0057c778,0057c778,4,undefined4
DAT_0057c77c,0057c77c,4,undefined4
DAT_0057c7a0,0057c7a0,1,undefined
DAT_0057c7a8,0057c7a8,1,undefined
DAT_0057c7b0,0057c7b0,4,undefined4
PTR___exit_0057c7c0,0057c7c0,4,pointer
DAT_0057c7c4,0057c7c4,4,undefined4
PTR_sub_569C78_0057c7c8,0057c7c8,4,pointer
PTR_sub_569C78_0057c7cc,0057c7cc,4,pointer
PTR_sub_569C78_0057c7d0,0057c7d0,4,pointer
PTR_sub_569C78_0057c7d4,0057c7d4,4,pointer
PTR_sub_569C78_0057c7d8,0057c7d8,4,pointer
PTR_sub_569C78_0057c7dc,0057c7dc,4,pointer
PTR_DAT_0057c7e0,0057c7e0,4,pointer
PTR_DAT_0057c7e4,0057c7e4,4,pointer
s_-_]_0057c7e8,0057c7e8,6,string
DAT_0057c7f0,0057c7f0,1,undefined1
DAT_0057c7f1,0057c7f1,1,undefined1
DAT_0057c7f2,0057c7f2,1,undefined1
DAT_0057c7f3,0057c7f3,1,undefined1
DAT_0057c7f4,0057c7f4,1,undefined1
DAT_0057c7f5,0057c7f5,1,undefined1
PTR_DAT_0057c800,0057c800,4,pointer
PTR_DAT_0057c804,0057c804,4,pointer
DAT_0057c80e,0057c80e,1,undefined
DAT_0057c80f,0057c80f,1,undefined
DAT_0057ca10,0057ca10,4,undefined4
DAT_0057ca14,0057ca14,1,undefined1
DAT_0057ca20,0057ca20,4,undefined4
PTR_DAT_0057ca30,0057ca30,4,pointer
DAT_0057ca40,0057ca40,4,undefined4
DAT_0057ca50,0057ca50,1,undefined
DAT_0057ca60,0057ca60,4,undefined4
DAT_0057ca70,0057ca70,1,undefined
DAT_0057caa0,0057caa0,1,undefined
PTR_sub_567F84_0057ccb0,0057ccb0,4,pointer
PTR_sub_567E4C_0057ccc4,0057ccc4,4,pointer
DAT_0057ccd0,0057ccd0,1,undefined
DAT_0057ccee,0057ccee,1,undefined
DAT_0057cd40,0057cd40,1,undefined
DAT_0057cd54,0057cd54,1,undefined
DAT_0057cd70,0057cd70,1,undefined
DAT_0057cd74,0057cd74,1,undefined1
DAT_0057cd78,0057cd78,4,undefined4
DAT_0057cd80,0057cd80,4,undefined4
DAT_0057cd84,0057cd84,4,undefined4
DAT_0057cd88,0057cd88,1,undefined
DAT_0057cee0,0057cee0,4,undefined4
DAT_0057cee4,0057cee4,4,undefined4
DAT_0057ceec,0057ceec,4,undefined4
DAT_0057cef0,0057cef0,4,undefined4
DAT_0057cef8,0057cef8,4,undefined4
DAT_0057cefc,0057cefc,4,undefined4
DAT_0057cf0c,0057cf0c,4,undefined4
DAT_0057cf18,0057cf18,4,undefined4
DAT_0057cf58,0057cf58,4,undefined4
DAT_0057cf5c,0057cf5c,4,undefined4
DAT_0057cf60,0057cf60,4,undefined4
DAT_0057cf64,0057cf64,4,undefined4
DAT_0057cf68,0057cf68,4,undefined4
DAT_0057cf70,0057cf70,4,undefined4
DAT_0057cf78,0057cf78,4,undefined4
PTR_s_R6009_-_not_enough_space_for_env_0057cf7c,0057cf7c,4,pointer
DAT_0057cff8,0057cff8,1,undefined
DAT_0057d010,0057d010,1,undefined
DAT_0057d030,0057d030,1,undefined
DAT_0057d040,0057d040,1,undefined
DAT_0057d044,0057d044,1,undefined
DAT_0057d048,0057d048,1,undefined
DAT_0057d190,0057d190,1,undefined
DAT_0057d198,0057d198,1,undefined
DAT_0057d1a0,0057d1a0,1,undefined
DAT_0057d1b0,0057d1b0,1,undefined
DAT_0057d1b8,0057d1b8,1,undefined
DAT_0057d1b9,0057d1b9,1,undefined
DAT_0057d1c0,0057d1c0,4,undefined4
DAT_0057d1f0,0057d1f0,4,undefined4
DAT_0057d1f4,0057d1f4,4,undefined4
DAT_0057d1f8,0057d1f8,4,undefined4
DAT_0057d1fc,0057d1fc,4,undefined4
DAT_0057d200,0057d200,1,undefined1
DAT_0057d201,0057d201,1,undefined1
DAT_0057d202,0057d202,1,undefined1
DAT_0057d208,0057d208,1,undefined1
DAT_0057d209,0057d209,1,undefined1
DAT_0057d20a,0057d20a,1,undefined1
DAT_0057d20b,0057d20b,1,undefined1
DAT_0057d2b0,0057d2b0,1,undefined
DAT_0057d388,0057d388,4,undefined4
DAT_0057d38c,0057d38c,1,undefined
DAT_0057d398,0057d398,1,undefined
DAT_0057d39c,0057d39c,1,undefined
DAT_0057d3a8,0057d3a8,1,undefined
DAT_0057d4fc,0057d4fc,1,undefined
DAT_0057d500,0057d500,1,undefined
DAT_0057d504,0057d504,1,undefined
DAT_0057d508,0057d508,1,undefined
DAT_0057d550,0057d550,1,undefined
DAT_0057d554,0057d554,1,undefined
DAT_0057d558,0057d558,1,undefined
DAT_0057d6e0,0057d6e0,1,undefined
DAT_0057d708,0057d708,1,undefined
DAT_0057d70c,0057d70c,1,undefined
DAT_0057d710,0057d710,1,undefined
DAT_0057d738,0057d738,1,undefined
DAT_0057d740,0057d740,4,undefined4
DAT_0057d768,0057d768,1,undefined
DAT_0057d770,0057d770,1,undefined
DAT_0057d798,0057d798,1,undefined
DAT_0057d7a0,0057d7a0,4,undefined4
DAT_0057d7a4,0057d7a4,4,undefined4
DAT_0057d7c8,0057d7c8,1,undefined
DAT_0057d7fc,0057d7fc,1,undefined
DAT_0057d800,0057d800,1,undefined
DAT_0057d828,0057d828,1,undefined
DAT_0057d830,0057d830,4,undefined4
DAT_0057d834,0057d834,4,undefined4
DAT_0057d83c,0057d83c,4,undefined4
DAT_0057d840,0057d840,4,undefined4
DAT_0057d850,0057d850,4,undefined4
DAT_0057d864,0057d864,4,undefined4
DAT_0057d8a8,0057d8a8,1,undefined
DAT_0057d8bc,0057d8bc,4,undefined4
DAT_0057d8d4,0057d8d4,4,undefined4
DAT_0057db20,0057db20,1,undefined
DAT_0057db24,0057db24,1,undefined
DAT_0057db28,0057db28,1,undefined
DAT_0057db2c,0057db2c,1,undefined
DAT_0057db30,0057db30,1,undefined
DAT_0057db34,0057db34,1,undefined
DAT_0057db38,0057db38,1,undefined
DAT_0057db3c,0057db3c,1,undefined
DAT_0057db40,0057db40,1,undefined
DAT_0057db44,0057db44,1,undefined
DAT_0057db48,0057db48,1,undefined
DAT_0057db4c,0057db4c,1,undefined
DAT_0057db50,0057db50,1,undefined
DAT_0057db54,0057db54,1,undefined
DAT_0057db58,0057db58,1,undefined
DAT_0057db5c,0057db5c,1,undefined
DAT_0057db60,0057db60,1,undefined
DAT_0057db64,0057db64,1,undefined
DAT_0057db68,0057db68,1,undefined
DAT_0057db6c,0057db6c,1,undefined
DAT_0057db70,0057db70,1,undefined
DAT_0057db74,0057db74,1,undefined
DAT_0057db78,0057db78,1,undefined
DAT_0057db7c,0057db7c,1,undefined
DAT_0057db80,0057db80,1,undefined
DAT_0057db84,0057db84,1,undefined
DAT_0057db88,0057db88,1,undefined
DAT_0057db8c,0057db8c,1,undefined
DAT_0057db90,0057db90,1,undefined
DAT_0057db94,0057db94,1,undefined
DAT_0057db98,0057db98,1,undefined
DAT_0057db9c,0057db9c,1,undefined
DAT_0057dba0,0057dba0,1,undefined
DAT_0057dba4,0057dba4,1,undefined
DAT_0057dba8,0057dba8,1,undefined
DAT_0057dbac,0057dbac,1,undefined
DAT_0057dbb0,0057dbb0,1,undefined
DAT_0057dbb4,0057dbb4,1,undefined
DAT_0057dbb8,0057dbb8,1,undefined
DAT_0057dbbc,0057dbbc,1,undefined
DAT_0057dbc0,0057dbc0,1,undefined
DAT_0057dbc4,0057dbc4,1,undefined
DAT_0057dbc8,0057dbc8,1,undefined
DAT_0057dbcc,0057dbcc,1,undefined
DAT_0057dbd0,0057dbd0,1,undefined
DAT_0057dbd4,0057dbd4,1,undefined
DAT_0057dbd8,0057dbd8,1,undefined
DAT_0057dbdc,0057dbdc,1,undefined
DAT_0057dbe0,0057dbe0,1,undefined
DAT_0057dbe4,0057dbe4,4,undefined4
DAT_0057dbe8,0057dbe8,1,undefined
DAT_0057dbec,0057dbec,1,undefined
DAT_0057dbf0,0057dbf0,1,undefined
DAT_0057dbf4,0057dbf4,1,undefined
DAT_0057dbf8,0057dbf8,1,undefined
DAT_0057dbfc,0057dbfc,1,undefined
DAT_0057dc00,0057dc00,1,undefined
DAT_0057dc04,0057dc04,1,undefined
DAT_0057dc08,0057dc08,1,undefined
DAT_0057dc0c,0057dc0c,1,undefined
DAT_0057dc10,0057dc10,1,undefined
DAT_0057dc14,0057dc14,1,undefined
DAT_0057dc18,0057dc18,1,undefined
DAT_0057dc1c,0057dc1c,1,undefined
DAT_0057dc20,0057dc20,1,undefined
DAT_0057dc24,0057dc24,1,undefined
DAT_0057dc28,0057dc28,1,undefined
DAT_0057dc2c,0057dc2c,1,undefined
DAT_0057dc30,0057dc30,1,undefined
DAT_0057dc34,0057dc34,1,undefined
DAT_0057dc38,0057dc38,1,undefined
DAT_0057dc3c,0057dc3c,1,undefined
DAT_0057dc40,0057dc40,1,undefined
DAT_0057dc44,0057dc44,1,undefined
DAT_0057dc48,0057dc48,1,undefined
DAT_0057dc4c,0057dc4c,1,undefined
DAT_0057dc50,0057dc50,1,undefined
DAT_0057dc54,0057dc54,1,undefined
DAT_0057dc58,0057dc58,1,undefined
DAT_0057dc5c,0057dc5c,1,undefined
DAT_0057dc60,0057dc60,1,undefined
DAT_0057dc64,0057dc64,1,undefined
DAT_0057dc68,0057dc68,4,undefined4
DAT_0057dc70,0057dc70,4,undefined4
DAT_0057dc74,0057dc74,4,undefined4
DAT_0057dc78,0057dc78,4,undefined4
DAT_0057dc7c,0057dc7c,4,undefined4
DAT_0057dc94,0057dc94,4,undefined4
DAT_0057dd90,0057dd90,4,undefined4
DAT_0057dd94,0057dd94,4,undefined4
DAT_0057dd98,0057dd98,4,undefined4
DAT_0057dd9c,0057dd9c,4,undefined4
DAT_0057dda0,0057dda0,4,undefined4
DAT_0057dda4,0057dda4,4,undefined4
DAT_0057dda8,0057dda8,4,undefined4
DAT_0057ddb0,0057ddb0,4,undefined4
DAT_0057ddb4,0057ddb4,4,undefined4
DAT_0057ddb8,0057ddb8,4,undefined4
DAT_0057ddc0,0057ddc0,4,undefined4
DAT_0057ddc4,0057ddc4,1,undefined
DAT_0057e5c4,0057e5c4,4,undefined4
DAT_0057ee44,0057ee44,1,undefined
DAT_0057ee74,0057ee74,1,undefined1
DAT_0057ee75,0057ee75,1,undefined1
DAT_0057f7f4,0057f7f4,1,undefined
DAT_0057f834,0057f834,1,undefined
DAT_0057f838,0057f838,1,undefined
DAT_0057f840,0057f840,1,undefined
DAT_0057f848,0057f848,4,undefined4
DAT_0057f854,0057f854,4,undefined4
DAT_0057f858,0057f858,4,undefined4
DAT_0057f864,0057f864,1,undefined
DAT_0057f868,0057f868,4,undefined4
DAT_0057f874,0057f874,4,undefined4
DAT_0057f878,0057f878,4,undefined4
DAT_0057f8b8,0057f8b8,4,undefined4
DAT_0057f8bc,0057f8bc,4,undefined4
DAT_0057f8c4,0057f8c4,4,undefined4
DAT_0057f8f8,0057f8f8,1,undefined
DAT_0057f8fc,0057f8fc,1,undefined
DAT_0057f904,0057f904,1,undefined
DAT_0057f908,0057f908,1,undefined
DAT_0057f90c,0057f90c,4,undefined4
DAT_0057f910,0057f910,4,undefined4
DAT_0057f914,0057f914,1,undefined
DAT_0057f918,0057f918,4,undefined4
DAT_0057f91c,0057f91c,4,undefined4
DAT_0057f920,0057f920,4,undefined4
DAT_0057f924,0057f924,1,undefined
DAT_0057f928,0057f928,1,undefined
DAT_0057f92c,0057f92c,1,undefined
DAT_0057f93c,0057f93c,1,undefined1
DAT_00580168,00580168,4,undefined4
DAT_00580cfc,00580cfc,4,undefined4
DAT_00580d00,00580d00,4,undefined4
DAT_00580d0c,00580d0c,4,undefined4
DAT_00580d14,00580d14,1,undefined1
DAT_00580d20,00580d20,4,undefined4
DAT_00580d28,00580d28,1,undefined1
DAT_00581120,00581120,1,undefined
DAT_00581124,00581124,1,undefined
DAT_00581128,00581128,1,undefined1
DAT_00581129,00581129,1,undefined1
DAT_00581134,00581134,4,undefined4
DAT_00581138,00581138,4,undefined4
DAT_0058113c,0058113c,1,undefined
DAT_00581140,00581140,4,undefined4
DAT_00581144,00581144,4,undefined4
DAT_00581148,00581148,4,undefined4
DAT_0058114c,0058114c,4,undefined4
DAT_00581150,00581150,4,undefined4
DAT_00581154,00581154,4,undefined4
DAT_00581158,00581158,4,undefined4
DAT_0058115c,0058115c,4,undefined4
DAT_00581160,00581160,4,undefined4
DAT_00581164,00581164,4,undefined4
DAT_00581168,00581168,4,undefined4
DAT_0058116c,0058116c,1,undefined
DAT_0058196c,0058196c,1,undefined
DAT_00581970,00581970,1,undefined
DAT_00581974,00581974,1,undefined1
DAT_00581975,00581975,1,undefined1
DAT_00581d74,00581d74,4,undefined4
DAT_00581d78,00581d78,2,undefined2
DAT_005821e0,005821e0,4,undefined4
DAT_005821e4,005821e4,4,undefined4
DAT_00582260,00582260,4,undefined4
DAT_00582264,00582264,1,undefined
DAT_00582268,00582268,4,undefined4
DAT_0058226c,0058226c,4,undefined4
DAT_00582270,00582270,4,undefined4
DAT_005822a4,005822a4,4,undefined4
DAT_005822a8,005822a8,4,undefined4
DAT_005822dc,005822dc,4,undefined4
DAT_005822e4,005822e4,4,undefined4
DAT_005822e8,005822e8,4,undefined4
DAT_00582318,00582318,4,undefined4
DAT_00582324,00582324,4,undefined4
DAT_00582350,00582350,4,undefined4
DAT_00582364,00582364,4,undefined4
DAT_00582370,00582370,4,undefined4
DAT_0058258c,0058258c,4,undefined4
DAT_00582598,00582598,4,undefined4
DAT_005825a0,005825a0,4,undefined4
DAT_005825ac,005825ac,4,undefined4
DAT_0058266c,0058266c,1,undefined
DAT_00582a70,00582a70,4,undefined4
DAT_00582a74,00582a74,4,undefined4
DAT_00582a7c,00582a7c,4,undefined4
DAT_00582a80,00582a80,4,undefined4
DAT_00582a88,00582a88,4,undefined4
DAT_00582a8c,00582a8c,4,undefined4
DAT_00582b48,00582b48,4,undefined4
DAT_00582b50,00582b50,4,undefined4
DAT_00582b54,00582b54,1,undefined1
DAT_00582b55,00582b55,1,undefined1
DAT_00582b58,00582b58,1,undefined
DAT_00582b5c,00582b5c,1,undefined
DAT_00582ca8,00582ca8,4,undefined4
DAT_00582cac,00582cac,4,undefined4
DAT_00582cb0,00582cb0,4,undefined4
DAT_00582cb4,00582cb4,4,undefined4
DAT_00582cb8,00582cb8,4,undefined4
DAT_00582cbc,00582cbc,4,undefined4
DAT_00582cc0,00582cc0,4,undefined4
DAT_00582cc8,00582cc8,1,undefined1
DAT_00582ccc,00582ccc,4,undefined4
DAT_00582cd0,00582cd0,4,undefined4
DAT_00582cd4,00582cd4,4,undefined4
DAT_00582cd8,00582cd8,4,undefined4
DAT_00582cdc,00582cdc,4,undefined4
DAT_00582ce0,00582ce0,4,undefined4
DAT_00582ce4,00582ce4,4,undefined4
DAT_00582ce8,00582ce8,4,undefined4
DAT_00582cec,00582cec,4,undefined4
DAT_00582cf0,00582cf0,2,undefined2
DAT_00582cf2,00582cf2,2,undefined2
DAT_00582ef0,00582ef0,2,undefined2
DAT_00582ef2,00582ef2,2,undefined2
DAT_005830f0,005830f0,2,undefined2
DAT_005830f2,005830f2,2,undefined2
DAT_005832f0,005832f0,4,undefined4
DAT_005832f4,005832f4,4,undefined4
DAT_005832f8,005832f8,1,undefined
DAT_00583308,00583308,4,undefined4
DAT_0058331c,0058331c,4,undefined4
DAT_00583374,00583374,4,undefined4
DAT_00583378,00583378,4,undefined4
DAT_0058337c,0058337c,4,undefined4
DAT_00583380,00583380,1,undefined1
DAT_00583384,00583384,1,undefined
DAT_00583388,00583388,1,undefined
DAT_0058338c,0058338c,1,undefined
DAT_00583390,00583390,4,undefined4
DAT_00583394,00583394,4,undefined4
DAT_00583398,00583398,1,undefined
DAT_0058339c,0058339c,1,undefined
DAT_005833a0,005833a0,1,undefined
DAT_005833a4,005833a4,1,undefined
DAT_005833a8,005833a8,1,undefined
DAT_005833ac,005833ac,1,undefined
DAT_005833b0,005833b0,1,undefined
DAT_005833b4,005833b4,1,undefined
DAT_005833b8,005833b8,1,undefined
DAT_005833bc,005833bc,1,undefined
DAT_005833c0,005833c0,4,undefined4
DAT_005833c4,005833c4,4,undefined4
DAT_005833e0,005833e0,1,undefined1
DAT_005833e1,005833e1,1,undefined1
DAT_005833e2,005833e2,1,undefined1
DAT_005833e4,005833e4,4,undefined4
DAT_005833e4+1,005833e5,1,undefined
DAT_005833e4+2,005833e6,1,undefined
DAT_005833e4+3,005833e7,1,undefined
DAT_005833e8,005833e8,1,undefined1
DAT_005833e9,005833e9,1,undefined1
DAT_005833ea,005833ea,1,undefined1
DAT_005833eb,005833eb,1,undefined1
DAT_005833ec,005833ec,1,undefined1
DAT_005833ed,005833ed,1,undefined1
DAT_005833ee,005833ee,1,undefined1
DAT_005833ef,005833ef,1,undefined1
DAT_005833f0,005833f0,1,undefined1
DAT_005833f1,005833f1,1,undefined1
DAT_005833f2,005833f2,1,undefined1
DAT_005833f3,005833f3,1,undefined1
DAT_005833f4,005833f4,1,undefined1
DAT_005833f7,005833f7,1,undefined1
DAT_005833f9,005833f9,1,undefined1
DAT_005833fa,005833fa,1,undefined1
DAT_005833fb,005833fb,1,undefined1
DAT_00583400,00583400,1,undefined1
DAT_00583401,00583401,1,undefined1
DAT_00583404,00583404,1,undefined
DAT_00583408,00583408,4,undefined4
DAT_00583410,00583410,4,undefined4
DAT_00583414,00583414,1,undefined
DAT_00583418,00583418,4,undefined4
DAT_00583420,00583420,4,undefined4
DAT_00583424,00583424,4,undefined4
DAT_00583428,00583428,4,undefined4
DAT_0058342c,0058342c,4,undefined4
DAT_00583430,00583430,1,undefined
DAT_00583434,00583434,4,undefined4
DAT_00583438,00583438,4,undefined4
DAT_0058343c,0058343c,4,undefined4
DAT_00583440,00583440,4,undefined4
DAT_00583444,00583444,4,undefined4
DAT_00583448,00583448,4,undefined4
DAT_0058344c,0058344c,1,undefined
DAT_00583450,00583450,4,undefined4
DAT_00583454,00583454,4,undefined4
DAT_00583470,00583470,4,undefined4
DAT_00583474,00583474,4,undefined4
DAT_00583490,00583490,4,undefined4
DAT_00583494,00583494,4,undefined4
DAT_005834b0,005834b0,4,undefined4
DAT_005834b4,005834b4,4,undefined4
DAT_005834d0,005834d0,1,undefined1
DAT_005834d4,005834d4,4,undefined4
DAT_005834d8,005834d8,4,undefined4
DAT_005834dc,005834dc,4,undefined4
DAT_005834e0,005834e0,2,undefined2
DAT_005834ec,005834ec,2,undefined2
DAT_005834f0,005834f0,4,undefined4
DAT_005834f4,005834f4,4,undefined4
DAT_005834f8,005834f8,1,undefined
DAT_005834fc,005834fc,1,undefined
DAT_0058370c,0058370c,4,undefined4
DAT_00583710,00583710,4,undefined4
DAT_00583714,00583714,1,undefined
DAT_00583718,00583718,1,undefined
DAT_0058371c,0058371c,4,undefined4
DAT_00583720,00583720,4,undefined4
DAT_00583724,00583724,4,undefined4
DAT_00583728,00583728,4,undefined4
DAT_0058372c,0058372c,4,undefined4
DAT_00583730,00583730,4,undefined4
DAT_00583734,00583734,4,undefined4
DAT_00583738,00583738,4,undefined4
DAT_0058373c,0058373c,4,undefined4
DAT_00583740,00583740,4,undefined4
DAT_00583744,00583744,4,undefined4
DAT_00583744+2,00583746,1,undefined
DAT_00583744+3,00583747,1,undefined
DAT_00583748,00583748,4,undefined4
DAT_00583748+1,00583749,1,undefined
DAT_0058374c,0058374c,1,undefined1
DAT_0058374d,0058374d,1,undefined1
DAT_0058384c,0058384c,4,undefined4
DAT_00583850,00583850,1,undefined
DAT_00583890,00583890,1,undefined
DAT_005838d0,005838d0,1,undefined
DAT_00583910,00583910,4,undefined4
DAT_00583914,00583914,4,undefined4
DAT_00583918,00583918,1,undefined
DAT_00583958,00583958,4,undefined4
DAT_0058395c,0058395c,4,undefined4
DAT_00583984,00583984,4,undefined4
DAT_00583990,00583990,1,undefined
DAT_005839d0,005839d0,1,undefined
DAT_005839d4,005839d4,1,undefined
DAT_005839f4,005839f4,1,undefined
DAT_005839f8,005839f8,4,undefined4
DAT_005839fc,005839fc,4,undefined4
DAT_00583a00,00583a00,4,undefined4
DAT_00583a04,00583a04,4,undefined4
DAT_00583a24,00583a24,4,undefined4
DAT_00583a28,00583a28,1,undefined
DAT_00583a68,00583a68,4,undefined4
DAT_00583a6c,00583a6c,4,undefined4
DAT_00583a70,00583a70,1,undefined
DAT_00583ab0,00583ab0,1,undefined
DAT_00583af0,00583af0,1,undefined
DAT_00583b30,00583b30,1,undefined
DAT_00583b70,00583b70,4,undefined4
DAT_00583b74,00583b74,1,undefined1
DAT_00583b78,00583b78,4,undefined4
DAT_00583b7c,00583b7c,4,undefined4
DAT_00583b80,00583b80,1,undefined
DAT_00583b84,00583b84,1,undefined
DAT_00583b88,00583b88,1,undefined
DAT_00583b8c,00583b8c,1,undefined
DAT_00583b90,00583b90,1,undefined
DAT_00583b94,00583b94,1,undefined
DAT_00583b98,00583b98,1,undefined
DAT_00583b9c,00583b9c,1,undefined
DAT_00583ba0,00583ba0,1,undefined
DAT_00583ba4,00583ba4,1,undefined
DAT_00583ba8,00583ba8,1,undefined
DAT_00583bac,00583bac,1,undefined
DAT_00583bb0,00583bb0,1,undefined
DAT_00583bb4,00583bb4,1,undefined
DAT_00583bb8,00583bb8,1,undefined
DAT_00583bbc,00583bbc,1,undefined
DAT_00583bc0,00583bc0,1,undefined
DAT_00583bc4,00583bc4,1,undefined
DAT_00583bc8,00583bc8,1,undefined
DAT_00583bcc,00583bcc,1,undefined
DAT_00583bd0,00583bd0,1,undefined
DAT_00583bd4,00583bd4,1,undefined
DAT_00583bd8,00583bd8,1,undefined
DAT_00583bdc,00583bdc,1,undefined
DAT_00583be0,00583be0,1,undefined
DAT_00583be4,00583be4,1,undefined
DAT_00583be8,00583be8,1,undefined
DAT_00583bec,00583bec,1,undefined
DAT_00583bf0,00583bf0,1,undefined
DAT_00583bf4,00583bf4,1,undefined
DAT_00583bf8,00583bf8,1,undefined
DAT_00583bfc,00583bfc,1,undefined
DAT_00583c00,00583c00,1,undefined
DAT_00583c04,00583c04,1,undefined
DAT_00583c08,00583c08,4,undefined4
DAT_00583c0c,00583c0c,1,undefined
DAT_00583c10,00583c10,1,undefined
DAT_00583c14,00583c14,1,undefined
DAT_00583c18,00583c18,1,undefined
DAT_00583c1c,00583c1c,1,undefined
DAT_00583c20,00583c20,1,undefined
DAT_00583c24,00583c24,1,undefined
DAT_00583c28,00583c28,1,undefined
DAT_00583c2c,00583c2c,1,undefined
DAT_00583c30,00583c30,1,undefined
DAT_00583c34,00583c34,1,undefined
DAT_00583c38,00583c38,1,undefined
DAT_00583c3c,00583c3c,1,undefined
DAT_00583c40,00583c40,1,undefined
DAT_00583c44,00583c44,1,undefined
DAT_00583c48,00583c48,1,undefined
DAT_00583c4c,00583c4c,1,undefined
DAT_00583c50,00583c50,1,undefined
DAT_00583c54,00583c54,1,undefined
DAT_00583c58,00583c58,1,undefined
DAT_00583c5c,00583c5c,1,undefined
DAT_00583c60,00583c60,1,undefined
DAT_00583c64,00583c64,1,undefined
DAT_00583c68,00583c68,1,undefined
DAT_00583c6c,00583c6c,1,undefined
DAT_00583c70,00583c70,1,undefined
DAT_00583c74,00583c74,1,undefined
DAT_00583c78,00583c78,1,undefined
DAT_00583c7c,00583c7c,1,undefined
DAT_00583c80,00583c80,1,undefined
DAT_00583c84,00583c84,1,undefined
DAT_00583c88,00583c88,1,undefined
DAT_00583c8c,00583c8c,1,undefined
DAT_00583c90,00583c90,1,undefined
DAT_00583c94,00583c94,1,undefined
DAT_00583c98,00583c98,1,undefined
DAT_00583c9c,00583c9c,1,undefined
DAT_00583ca0,00583ca0,1,undefined
DAT_00583ca4,00583ca4,1,undefined
DAT_00583ca8,00583ca8,1,undefined
DAT_00583cac,00583cac,1,undefined
DAT_00583cb0,00583cb0,1,undefined
DAT_00583cb4,00583cb4,1,undefined
DAT_00583cb8,00583cb8,1,undefined
DAT_00583cbc,00583cbc,1,undefined
DAT_00583cc0,00583cc0,1,undefined
DAT_00583cc4,00583cc4,1,undefined
DAT_00583cc8,00583cc8,1,undefined
DAT_00583ccc,00583ccc,1,undefined
DAT_00583cd0,00583cd0,1,undefined
DAT_00583cd4,00583cd4,1,undefined
DAT_00583cd8,00583cd8,1,undefined
DAT_00583cdc,00583cdc,1,undefined
DAT_00583ce0,00583ce0,1,undefined
DAT_00583ce4,00583ce4,1,undefined
DAT_00583ce8,00583ce8,1,undefined
DAT_00583cec,00583cec,1,undefined
DAT_00583cf0,00583cf0,1,undefined
DAT_00583cf4,00583cf4,1,undefined
DAT_00583cf8,00583cf8,1,undefined
DAT_00583cfc,00583cfc,1,undefined
DAT_00583d00,00583d00,1,undefined
DAT_00583d04,00583d04,1,undefined
DAT_00583d08,00583d08,1,undefined
DAT_00583d0c,00583d0c,1,undefined
DAT_00583d10,00583d10,1,undefined
DAT_00583d14,00583d14,1,undefined
DAT_00583d18,00583d18,1,undefined
DAT_00583d1c,00583d1c,1,undefined
DAT_00583d20,00583d20,1,undefined
DAT_00583d24,00583d24,1,undefined
DAT_00583d28,00583d28,1,undefined
DAT_00583d2c,00583d2c,1,undefined
DAT_00583d30,00583d30,1,undefined
DAT_00583d34,00583d34,1,undefined
DAT_00583d38,00583d38,1,undefined
DAT_00583d3c,00583d3c,1,undefined
DAT_00583d40,00583d40,1,undefined
DAT_00583d44,00583d44,1,undefined
DAT_00583d48,00583d48,1,undefined
DAT_00583d4c,00583d4c,1,undefined
DAT_00583d50,00583d50,1,undefined
DAT_00583d54,00583d54,1,undefined
DAT_00583d58,00583d58,1,undefined
DAT_00583d5c,00583d5c,1,undefined
DAT_00583d60,00583d60,1,undefined
DAT_00583d64,00583d64,1,undefined
DAT_00583d68,00583d68,1,undefined
DAT_00583d6c,00583d6c,1,undefined
DAT_00583d70,00583d70,1,undefined
DAT_00583d74,00583d74,1,undefined
DAT_00583d78,00583d78,1,undefined
DAT_00583d7c,00583d7c,1,undefined
DAT_00583d80,00583d80,1,undefined
DAT_00583d84,00583d84,1,undefined
DAT_00583d88,00583d88,1,undefined
DAT_00583d8c,00583d8c,1,undefined
DAT_00583d90,00583d90,1,undefined
DAT_00583d94,00583d94,1,undefined
DAT_00583d98,00583d98,1,undefined
DAT_00583d9c,00583d9c,1,undefined
DAT_00583da0,00583da0,1,undefined
DAT_00583da4,00583da4,1,undefined
DAT_00583da8,00583da8,1,undefined
DAT_00583dac,00583dac,1,undefined
DAT_00583db0,00583db0,1,undefined
DAT_00583db4,00583db4,1,undefined
DAT_00583db8,00583db8,1,undefined
DAT_00583dbc,00583dbc,1,undefined
DAT_00583dc0,00583dc0,1,undefined
DAT_00583dc4,00583dc4,1,undefined
DAT_00583dc8,00583dc8,1,undefined
DAT_00583dcc,00583dcc,1,undefined
DAT_00583dd0,00583dd0,1,undefined
DAT_00583dd4,00583dd4,1,undefined
DAT_00583dd8,00583dd8,1,undefined
DAT_00583ddc,00583ddc,1,undefined
DAT_00583de0,00583de0,1,undefined
DAT_00583de4,00583de4,1,undefined
DAT_00583de8,00583de8,1,undefined
DAT_00583dec,00583dec,1,undefined
DAT_00583df0,00583df0,1,undefined
DAT_00583df4,00583df4,1,undefined
DAT_00583df8,00583df8,1,undefined
DAT_00583dfc,00583dfc,1,undefined
DAT_00583e00,00583e00,1,undefined
DAT_00583e04,00583e04,1,undefined
DAT_00583e08,00583e08,1,undefined
DAT_00583e0c,00583e0c,1,undefined
DAT_00583e10,00583e10,1,undefined
DAT_00583e14,00583e14,1,undefined
DAT_00583e18,00583e18,1,undefined
DAT_00583e1c,00583e1c,1,undefined
DAT_00583e20,00583e20,1,undefined
DAT_00583e24,00583e24,1,undefined
DAT_00583e28,00583e28,1,undefined
DAT_00583e2c,00583e2c,1,undefined
DAT_00583e30,00583e30,1,undefined
DAT_00583e34,00583e34,1,undefined
DAT_00583e38,00583e38,1,undefined
DAT_00583e3c,00583e3c,1,undefined
DAT_00583e40,00583e40,1,undefined
DAT_00583e44,00583e44,1,undefined
DAT_00583e48,00583e48,1,undefined
DAT_00583e4c,00583e4c,1,undefined
DAT_00583e50,00583e50,1,undefined
DAT_00583e54,00583e54,1,undefined
DAT_00583e58,00583e58,1,undefined
DAT_00583e5c,00583e5c,1,undefined
DAT_00583e60,00583e60,1,undefined
DAT_00583e64,00583e64,1,undefined
DAT_00583e68,00583e68,1,undefined
DAT_00583e6c,00583e6c,1,undefined
DAT_00583e70,00583e70,1,undefined
DAT_00583e74,00583e74,1,undefined
DAT_00583e78,00583e78,1,undefined
DAT_00583e7c,00583e7c,1,undefined
DAT_00583e80,00583e80,1,undefined
DAT_00583e84,00583e84,1,undefined
DAT_00583e88,00583e88,1,undefined
DAT_00583e8c,00583e8c,1,undefined
DAT_00583e90,00583e90,1,undefined
DAT_00583e94,00583e94,1,undefined
DAT_00583e98,00583e98,1,undefined
DAT_00583e9c,00583e9c,1,undefined
DAT_00583ea0,00583ea0,1,undefined
DAT_00583ea4,00583ea4,1,undefined
DAT_00583ea8,00583ea8,1,undefined
DAT_00583eac,00583eac,1,undefined
DAT_00583eb0,00583eb0,1,undefined
DAT_00583eb4,00583eb4,1,undefined
DAT_00583eb8,00583eb8,1,undefined
DAT_00583ebc,00583ebc,1,undefined
DAT_00583ec0,00583ec0,1,undefined
DAT_00583ec4,00583ec4,1,undefined
DAT_00583ec8,00583ec8,1,undefined
DAT_00583ecc,00583ecc,1,undefined
DAT_00583ed0,00583ed0,1,undefined
DAT_00583ed4,00583ed4,1,undefined
DAT_00583ed8,00583ed8,1,undefined
DAT_00583edc,00583edc,1,undefined
DAT_00583ee0,00583ee0,4,undefined4
DAT_00583ee4,00583ee4,1,undefined
DAT_00583ee8,00583ee8,1,undefined
DAT_00583eec,00583eec,1,undefined
DAT_00583ef0,00583ef0,1,undefined
DAT_00583ef4,00583ef4,1,undefined
DAT_00583ef8,00583ef8,1,undefined
DAT_00583efc,00583efc,1,undefined
DAT_00583f00,00583f00,1,undefined
DAT_00583f04,00583f04,1,undefined
DAT_00583f08,00583f08,1,undefined
DAT_00583f0c,00583f0c,1,undefined
DAT_00583f10,00583f10,1,undefined
DAT_00583f14,00583f14,1,undefined
DAT_00583f18,00583f18,1,undefined
DAT_00583f1c,00583f1c,1,undefined
DAT_00583f20,00583f20,1,undefined
DAT_00583f24,00583f24,1,undefined
DAT_00583f28,00583f28,1,undefined
DAT_00583f2c,00583f2c,1,undefined
DAT_00583f30,00583f30,1,undefined
DAT_00583f34,00583f34,1,undefined
DAT_00583f38,00583f38,1,undefined
DAT_00583f3c,00583f3c,1,undefined
DAT_00583f40,00583f40,1,undefined
DAT_00583f44,00583f44,1,undefined
DAT_00583f48,00583f48,1,undefined
DAT_00583f4c,00583f4c,1,undefined
DAT_00583f50,00583f50,1,undefined
DAT_00583f54,00583f54,1,undefined
DAT_00583f58,00583f58,1,undefined
DAT_00583f5c,00583f5c,1,undefined
DAT_00583f60,00583f60,1,undefined
DAT_00583f64,00583f64,1,undefined
DAT_00583f68,00583f68,1,undefined
DAT_00583f6c,00583f6c,1,undefined
DAT_00583f70,00583f70,1,undefined
DAT_00583f74,00583f74,1,undefined
DAT_00583f78,00583f78,1,undefined
DAT_00583f7c,00583f7c,1,undefined
DAT_00583f80,00583f80,1,undefined
DAT_00583f84,00583f84,1,undefined
DAT_00583f88,00583f88,1,undefined
DAT_00583f8c,00583f8c,1,undefined
DAT_00583f90,00583f90,1,undefined
DAT_00583f94,00583f94,1,undefined
DAT_00583f98,00583f98,1,undefined
DAT_00583f9c,00583f9c,1,undefined
DAT_00583fa0,00583fa0,1,undefined
DAT_00583fa4,00583fa4,1,undefined
DAT_00583fa8,00583fa8,1,undefined
DAT_00583fac,00583fac,1,undefined
DAT_00583fb0,00583fb0,1,undefined
DAT_00583fb4,00583fb4,1,undefined
DAT_00583fb8,00583fb8,1,undefined
DAT_00583fbc,00583fbc,1,undefined
DAT_00583fc0,00583fc0,1,undefined
DAT_00583fc4,00583fc4,1,undefined
DAT_00583fc8,00583fc8,1,undefined
DAT_00583fcc,00583fcc,1,undefined
DAT_00583fd0,00583fd0,1,undefined
DAT_00583fd4,00583fd4,1,undefined
DAT_00583fd8,00583fd8,1,undefined
DAT_00583fdc,00583fdc,1,undefined
DAT_00583fe0,00583fe0,1,undefined
DAT_00583fe4,00583fe4,1,undefined
DAT_00583fe8,00583fe8,1,undefined
DAT_00583fec,00583fec,1,undefined
DAT_00583ff0,00583ff0,1,undefined
DAT_00583ff4,00583ff4,1,undefined
DAT_00583ff8,00583ff8,1,undefined
DAT_00583ffc,00583ffc,1,undefined
DAT_00584000,00584000,1,undefined
DAT_00584004,00584004,1,undefined
DAT_00584008,00584008,1,undefined
DAT_0058400c,0058400c,1,undefined
DAT_00584010,00584010,1,undefined
DAT_00584014,00584014,1,undefined
DAT_00584018,00584018,1,undefined
DAT_0058401c,0058401c,1,undefined
DAT_00584020,00584020,1,undefined
DAT_00584024,00584024,1,undefined
DAT_00584028,00584028,1,undefined
DAT_0058402c,0058402c,1,undefined
DAT_00584030,00584030,1,undefined
DAT_00584034,00584034,1,undefined
DAT_00584038,00584038,1,undefined
DAT_0058403c,0058403c,1,undefined
DAT_00584040,00584040,1,undefined
DAT_00584044,00584044,1,undefined
DAT_00584048,00584048,1,undefined
DAT_0058404c,0058404c,1,undefined
DAT_00584050,00584050,1,undefined
DAT_00584054,00584054,1,undefined
DAT_00584058,00584058,1,undefined
DAT_0058405c,0058405c,1,undefined
DAT_00584060,00584060,1,undefined
DAT_00584064,00584064,1,undefined
DAT_00584068,00584068,1,undefined
DAT_0058406c,0058406c,1,undefined
DAT_00584070,00584070,1,undefined
DAT_00584074,00584074,1,undefined
DAT_00584078,00584078,1,undefined
DAT_0058407c,0058407c,1,undefined
DAT_00584080,00584080,1,undefined
DAT_00584084,00584084,1,undefined
DAT_00584088,00584088,1,undefined
DAT_0058408c,0058408c,1,undefined
DAT_00584090,00584090,1,undefined
DAT_00584094,00584094,1,undefined
DAT_00584098,00584098,1,undefined
DAT_0058409c,0058409c,1,undefined
DAT_005840a0,005840a0,1,undefined
DAT_005840a4,005840a4,1,undefined
DAT_005840a8,005840a8,1,undefined
DAT_005840ac,005840ac,1,undefined
DAT_005840b0,005840b0,1,undefined
DAT_005840b4,005840b4,1,undefined
DAT_005840b8,005840b8,1,undefined
DAT_005840bc,005840bc,1,undefined
DAT_005840c0,005840c0,1,undefined
DAT_005840c4,005840c4,1,undefined
DAT_005840c8,005840c8,1,undefined
DAT_005840cc,005840cc,1,undefined
DAT_005840d0,005840d0,1,undefined
DAT_005840d4,005840d4,1,undefined
DAT_005840d8,005840d8,1,undefined
DAT_005840dc,005840dc,1,undefined
DAT_005840e0,005840e0,1,undefined
DAT_005840e4,005840e4,1,undefined
DAT_005840e8,005840e8,1,undefined
DAT_005840ec,005840ec,1,undefined
DAT_005840f0,005840f0,1,undefined
DAT_005840f4,005840f4,1,undefined
DAT_005840f8,005840f8,1,undefined
DAT_005840fc,005840fc,1,undefined
DAT_00584100,00584100,1,undefined
DAT_00584104,00584104,1,undefined
DAT_00584108,00584108,1,undefined
DAT_0058410c,0058410c,1,undefined
DAT_00584110,00584110,1,undefined
DAT_00584114,00584114,1,undefined
DAT_00584118,00584118,1,undefined
DAT_0058411c,0058411c,1,undefined
DAT_00584120,00584120,1,undefined
DAT_00584124,00584124,1,undefined
DAT_00584128,00584128,1,undefined
DAT_0058412c,0058412c,1,undefined
DAT_00584130,00584130,1,undefined
DAT_00584134,00584134,1,undefined
DAT_00584138,00584138,1,undefined
DAT_0058413c,0058413c,1,undefined
DAT_00584140,00584140,1,undefined
DAT_00584144,00584144,1,undefined
DAT_00584148,00584148,1,undefined
DAT_0058414c,0058414c,1,undefined
DAT_00584150,00584150,1,undefined
DAT_00584154,00584154,1,undefined
DAT_00584158,00584158,1,undefined
DAT_0058415c,0058415c,1,undefined
DAT_00584160,00584160,1,undefined
DAT_00584164,00584164,1,undefined
DAT_00584168,00584168,1,undefined
DAT_0058416c,0058416c,1,undefined
DAT_00584170,00584170,1,undefined
DAT_00584174,00584174,1,undefined
DAT_00584178,00584178,1,undefined
DAT_0058417c,0058417c,1,undefined
DAT_00584180,00584180,1,undefined
DAT_00584184,00584184,1,undefined
DAT_00584188,00584188,1,undefined
DAT_0058418c,0058418c,1,undefined
DAT_00584190,00584190,1,undefined
DAT_00584194,00584194,1,undefined
DAT_00584198,00584198,1,undefined
DAT_0058419c,0058419c,1,undefined
DAT_005841a0,005841a0,1,undefined
DAT_005841a4,005841a4,1,undefined
DAT_005841a8,005841a8,1,undefined
DAT_005841ac,005841ac,1,undefined
DAT_005841b0,005841b0,1,undefined
DAT_005841b4,005841b4,1,undefined
DAT_005841b8,005841b8,1,undefined
DAT_005841bc,005841bc,1,undefined
DAT_005841c0,005841c0,1,undefined
DAT_005841c4,005841c4,1,undefined
DAT_005841c8,005841c8,1,undefined
DAT_005841cc,005841cc,1,undefined
DAT_005841d0,005841d0,1,undefined
DAT_005841d4,005841d4,1,undefined
DAT_005841d8,005841d8,1,undefined
DAT_005841dc,005841dc,1,undefined
DAT_005841e0,005841e0,1,undefined
DAT_005841e4,005841e4,1,undefined
DAT_005841e8,005841e8,1,undefined
DAT_005841ec,005841ec,1,undefined
DAT_005841f0,005841f0,1,undefined
DAT_005841f4,005841f4,1,undefined
DAT_005841f8,005841f8,1,undefined
DAT_005841fc,005841fc,1,undefined
DAT_00584200,00584200,1,undefined
DAT_00584204,00584204,1,undefined
DAT_00584208,00584208,1,undefined
DAT_0058420c,0058420c,1,undefined
DAT_00584210,00584210,1,undefined
DAT_00584214,00584214,1,undefined
DAT_00584218,00584218,1,undefined
DAT_0058421c,0058421c,1,undefined
DAT_00584220,00584220,1,undefined
DAT_00584224,00584224,1,undefined
DAT_00584228,00584228,1,undefined
DAT_0058422c,0058422c,1,undefined
DAT_00584230,00584230,1,undefined
DAT_00584234,00584234,1,undefined
DAT_00584238,00584238,1,undefined
DAT_0058423c,0058423c,1,undefined
DAT_00584240,00584240,1,undefined
DAT_00584244,00584244,1,undefined
DAT_00584248,00584248,1,undefined
DAT_0058424c,0058424c,1,undefined
DAT_00584250,00584250,1,undefined
DAT_00584254,00584254,1,undefined
DAT_00584258,00584258,1,undefined
DAT_0058425c,0058425c,1,undefined
DAT_00584260,00584260,1,undefined
DAT_00584264,00584264,1,undefined
DAT_00584268,00584268,1,undefined
DAT_0058426c,0058426c,1,undefined
DAT_00584270,00584270,1,undefined
DAT_00584274,00584274,1,undefined
DAT_00584278,00584278,1,undefined
DAT_0058427c,0058427c,1,undefined
DAT_00584280,00584280,1,undefined
DAT_00584284,00584284,1,undefined
DAT_00584288,00584288,1,undefined
DAT_0058428c,0058428c,1,undefined
DAT_00584290,00584290,1,undefined
DAT_00584294,00584294,1,undefined
DAT_00584298,00584298,1,undefined
DAT_0058429c,0058429c,1,undefined
DAT_005842a0,005842a0,1,undefined
DAT_005842a4,005842a4,1,undefined
DAT_005842a8,005842a8,1,undefined
DAT_005842ac,005842ac,1,undefined
DAT_005842b0,005842b0,1,undefined
DAT_005842b4,005842b4,1,undefined
DAT_005842b8,005842b8,1,undefined
DAT_005842bc,005842bc,1,undefined
DAT_005842c0,005842c0,1,undefined
DAT_005842c4,005842c4,1,undefined
DAT_005842c8,005842c8,1,undefined
DAT_005842cc,005842cc,1,undefined
DAT_005842d0,005842d0,1,undefined
DAT_005842d4,005842d4,1,undefined
DAT_005842d8,005842d8,1,undefined
DAT_005842dc,005842dc,1,undefined
DAT_005842e0,005842e0,1,undefined
DAT_005842e4,005842e4,1,undefined
DAT_005842e8,005842e8,1,undefined
DAT_005842ec,005842ec,1,undefined
DAT_005842f0,005842f0,1,undefined
DAT_005842f4,005842f4,1,undefined
DAT_005842f8,005842f8,1,undefined
DAT_005842fc,005842fc,1,undefined
DAT_00584300,00584300,1,undefined
DAT_00584304,00584304,1,undefined
DAT_00584308,00584308,1,undefined
DAT_0058430c,0058430c,1,undefined
DAT_00584310,00584310,1,undefined
DAT_00584314,00584314,1,undefined
DAT_00584318,00584318,1,undefined
DAT_0058431c,0058431c,1,undefined
DAT_00584320,00584320,1,undefined
DAT_00584324,00584324,1,undefined
DAT_00584328,00584328,1,undefined
DAT_0058432c,0058432c,1,undefined
DAT_00584330,00584330,1,undefined
DAT_00584334,00584334,1,undefined
DAT_00584338,00584338,1,undefined
DAT_0058433c,0058433c,1,undefined
DAT_00584340,00584340,1,undefined
DAT_00584344,00584344,1,undefined
DAT_00584348,00584348,1,undefined
DAT_0058434c,0058434c,1,undefined
DAT_00584350,00584350,1,undefined
DAT_00584354,00584354,1,undefined
DAT_00584358,00584358,1,undefined
DAT_0058435c,0058435c,1,undefined
DAT_00584360,00584360,1,undefined
DAT_00584364,00584364,1,undefined
DAT_00584368,00584368,1,undefined
DAT_0058436c,0058436c,1,undefined
DAT_00584370,00584370,4,undefined4
DAT_00584374,00584374,1,undefined
DAT_00584378,00584378,1,undefined
DAT_0058437c,0058437c,1,undefined
DAT_00584380,00584380,1,undefined
DAT_00584384,00584384,1,undefined
DAT_00584388,00584388,1,undefined
DAT_0058438c,0058438c,1,undefined
DAT_00584390,00584390,1,undefined
DAT_00584394,00584394,1,undefined
DAT_00584398,00584398,1,undefined
DAT_0058439c,0058439c,1,undefined
DAT_005843a0,005843a0,1,undefined
DAT_005843a4,005843a4,1,undefined
DAT_005843a8,005843a8,1,undefined
DAT_005843ac,005843ac,1,undefined
DAT_005843b0,005843b0,1,undefined
DAT_005843b4,005843b4,1,undefined
DAT_005843b8,005843b8,1,undefined
DAT_005843bc,005843bc,1,undefined
DAT_005843c0,005843c0,1,undefined
DAT_005843c4,005843c4,1,undefined
DAT_005843c8,005843c8,1,undefined
DAT_005843cc,005843cc,1,undefined
DAT_005843d0,005843d0,1,undefined
DAT_005843d4,005843d4,1,undefined
DAT_005843d8,005843d8,1,undefined
DAT_005843dc,005843dc,1,undefined
DAT_005843e0,005843e0,1,undefined
DAT_005843e4,005843e4,1,undefined
DAT_005843e8,005843e8,1,undefined
DAT_005843ec,005843ec,1,undefined
DAT_005843f0,005843f0,1,undefined
DAT_005843f4,005843f4,1,undefined
DAT_005843f8,005843f8,1,undefined
DAT_005843fc,005843fc,1,undefined
DAT_00584400,00584400,1,undefined
DAT_00584404,00584404,1,undefined
DAT_00584408,00584408,1,undefined
DAT_0058440c,0058440c,1,undefined
DAT_00584410,00584410,1,undefined
DAT_00584414,00584414,1,undefined
DAT_00584418,00584418,1,undefined
DAT_0058441c,0058441c,1,undefined
DAT_00584420,00584420,1,undefined
DAT_00584424,00584424,1,undefined
DAT_00584428,00584428,1,undefined
DAT_0058442c,0058442c,1,undefined
DAT_00584430,00584430,1,undefined
DAT_00584434,00584434,1,undefined
DAT_00584438,00584438,1,undefined
DAT_0058443c,0058443c,1,undefined
DAT_00584440,00584440,1,undefined
DAT_00584444,00584444,1,undefined
DAT_00584448,00584448,1,undefined
DAT_0058444c,0058444c,1,undefined
DAT_00584450,00584450,1,undefined
DAT_00584454,00584454,1,undefined
DAT_00584458,00584458,1,undefined
DAT_0058445c,0058445c,1,undefined
DAT_00584460,00584460,1,undefined
DAT_00584464,00584464,1,undefined
DAT_00584468,00584468,1,undefined
DAT_0058446c,0058446c,1,undefined
DAT_00584470,00584470,1,undefined
DAT_00584474,00584474,1,undefined
DAT_00584478,00584478,1,undefined
DAT_0058447c,0058447c,1,undefined
DAT_00584480,00584480,1,undefined
DAT_00584484,00584484,1,undefined
DAT_00584488,00584488,1,undefined
DAT_0058448c,0058448c,1,undefined
DAT_00584490,00584490,1,undefined
DAT_00584494,00584494,1,undefined
DAT_00584498,00584498,1,undefined
DAT_0058449c,0058449c,1,undefined
DAT_005844a0,005844a0,1,undefined
DAT_005844a4,005844a4,1,undefined
DAT_005844a8,005844a8,1,undefined
DAT_005844ac,005844ac,1,undefined
DAT_005844b0,005844b0,1,undefined
DAT_005844b4,005844b4,1,undefined
DAT_005844b8,005844b8,1,undefined
DAT_005844bc,005844bc,1,undefined
DAT_005844c0,005844c0,1,undefined
DAT_005844c4,005844c4,1,undefined
DAT_005844c8,005844c8,1,undefined
DAT_005844cc,005844cc,1,undefined
DAT_005844d0,005844d0,1,undefined
DAT_005844d4,005844d4,1,undefined
DAT_005844d8,005844d8,1,undefined
DAT_005844dc,005844dc,1,undefined
DAT_005844e0,005844e0,1,undefined
DAT_005844e4,005844e4,1,undefined
DAT_005844e8,005844e8,1,undefined
DAT_005844ec,005844ec,1,undefined
DAT_005844f0,005844f0,1,undefined
DAT_005844f4,005844f4,1,undefined
DAT_005844f8,005844f8,1,undefined
DAT_005844fc,005844fc,1,undefined
DAT_00584500,00584500,1,undefined
DAT_00584504,00584504,1,undefined
DAT_00584508,00584508,1,undefined
DAT_0058450c,0058450c,1,undefined
DAT_00584510,00584510,1,undefined
DAT_00584514,00584514,1,undefined
DAT_00584518,00584518,1,undefined
DAT_0058451c,0058451c,1,undefined
DAT_00584520,00584520,1,undefined
DAT_00584524,00584524,1,undefined
DAT_00584528,00584528,1,undefined
DAT_0058452c,0058452c,1,undefined
DAT_00584530,00584530,1,undefined
DAT_00584534,00584534,1,undefined
DAT_00584538,00584538,1,undefined
DAT_0058453c,0058453c,1,undefined
DAT_00584540,00584540,1,undefined
DAT_00584544,00584544,1,undefined
DAT_00584548,00584548,1,undefined
DAT_0058454c,0058454c,1,undefined
DAT_00584550,00584550,1,undefined
DAT_00584554,00584554,1,undefined
DAT_00584558,00584558,1,undefined
DAT_0058455c,0058455c,1,undefined
DAT_00584560,00584560,1,undefined
DAT_00584564,00584564,1,undefined
DAT_00584568,00584568,1,undefined
DAT_0058456c,0058456c,1,undefined
DAT_00584570,00584570,1,undefined
DAT_00584574,00584574,1,undefined
DAT_00584578,00584578,1,undefined
DAT_0058457c,0058457c,1,undefined
DAT_00584580,00584580,1,undefined
DAT_00584584,00584584,1,undefined
DAT_00584588,00584588,1,undefined
DAT_0058458c,0058458c,1,undefined
DAT_00584590,00584590,1,undefined
DAT_00584594,00584594,1,undefined
DAT_00584598,00584598,1,undefined
DAT_0058459c,0058459c,1,undefined
DAT_005845a0,005845a0,1,undefined
DAT_005845a4,005845a4,1,undefined
DAT_005845a8,005845a8,1,undefined
DAT_005845ac,005845ac,1,undefined
DAT_005845b0,005845b0,1,undefined
DAT_005845b4,005845b4,1,undefined
DAT_005845b8,005845b8,1,undefined
DAT_005845bc,005845bc,1,undefined
DAT_005845c0,005845c0,1,undefined
DAT_005845c4,005845c4,1,undefined
DAT_005845c8,005845c8,1,undefined
DAT_005845cc,005845cc,1,undefined
DAT_005845d0,005845d0,1,undefined
DAT_005845d4,005845d4,1,undefined
DAT_005845d8,005845d8,1,undefined
DAT_005845dc,005845dc,1,undefined
DAT_005845e0,005845e0,1,undefined
DAT_005845e4,005845e4,1,undefined
DAT_005845e8,005845e8,1,undefined
DAT_005845ec,005845ec,1,undefined
DAT_005845f0,005845f0,1,undefined
DAT_005845f4,005845f4,1,undefined
DAT_005845f8,005845f8,1,undefined
DAT_005845fc,005845fc,1,undefined
DAT_00584600,00584600,1,undefined
DAT_00584604,00584604,1,undefined
DAT_00584608,00584608,1,undefined
DAT_0058460c,0058460c,1,undefined
DAT_00584610,00584610,1,undefined
DAT_00584614,00584614,1,undefined
DAT_00584618,00584618,1,undefined
DAT_0058461c,0058461c,1,undefined
DAT_00584620,00584620,1,undefined
DAT_00584624,00584624,1,undefined
DAT_00584628,00584628,1,undefined
DAT_0058462c,0058462c,1,undefined
DAT_00584630,00584630,1,undefined
DAT_00584634,00584634,4,undefined4
DAT_00584638,00584638,4,undefined4
DAT_0058463c,0058463c,4,undefined4
DAT_00584640,00584640,4,undefined4
DAT_00584644,00584644,4,undefined4
DAT_00584648,00584648,4,undefined4
DAT_0058464c,0058464c,4,undefined4
DAT_00584650,00584650,4,undefined4
DAT_00584654,00584654,4,undefined4
DAT_00584658,00584658,1,undefined
DAT_00584660,00584660,1,undefined
DAT_00584664,00584664,1,undefined
DAT_00584668,00584668,1,undefined
DAT_00584678,00584678,4,undefined4
DAT_0058467c,0058467c,1,undefined1
DAT_00584680,00584680,4,undefined4
DAT_00584684,00584684,4,undefined4
DAT_00584688,00584688,4,undefined4
DAT_0058468c,0058468c,4,undefined4
DAT_00584690,00584690,1,undefined
DAT_005846b0,005846b0,4,undefined4
DAT_005846b4,005846b4,1,undefined1
DAT_005846b8,005846b8,1,undefined
DAT_005846d8,005846d8,4,undefined4
DAT_005846dc,005846dc,4,undefined4
DAT_005846e4,005846e4,4,undefined4
DAT_005846e8,005846e8,4,undefined4
DAT_005846ec,005846ec,4,undefined4
DAT_005846f8,005846f8,1,undefined
DAT_005846fc,005846fc,1,undefined
DAT_00584700,00584700,4,undefined4
DAT_00584708,00584708,4,undefined4
DAT_0058470c,0058470c,4,undefined4
DAT_00584710,00584710,4,undefined4
DAT_00584714,00584714,1,undefined
DAT_00584718,00584718,1,undefined
DAT_0058471c,0058471c,1,undefined
DAT_00584758,00584758,4,undefined4
DAT_0058475c,0058475c,4,undefined4
DAT_00584760,00584760,4,undefined4
DAT_00584764,00584764,4,undefined4
DAT_00584768,00584768,4,undefined4
DAT_0058476c,0058476c,4,undefined4
DAT_00584770,00584770,4,undefined4
DAT_00584774,00584774,4,undefined4
DAT_00584778,00584778,4,undefined4
DAT_00584788,00584788,4,undefined4
DAT_00584790,00584790,4,undefined4
DAT_00584794,00584794,4,undefined4
DAT_00584798,00584798,1,undefined
DAT_0058479c,0058479c,1,undefined
DAT_005847a0,005847a0,1,undefined
DAT_005847a4,005847a4,1,undefined
DAT_005847a8,005847a8,1,undefined
DAT_005847ac,005847ac,1,undefined
DAT_005847b0,005847b0,1,undefined
DAT_005847b4,005847b4,1,undefined
DAT_005847b8,005847b8,1,undefined
DAT_005847bc,005847bc,1,undefined
DAT_005847c0,005847c0,1,undefined
DAT_005847c4,005847c4,1,undefined
DAT_005847c8,005847c8,4,undefined4
DAT_005847cc,005847cc,4,undefined4
DAT_005847d0,005847d0,1,undefined
DAT_005847d4,005847d4,1,undefined
DAT_005847d8,005847d8,1,undefined
DAT_005847dc,005847dc,1,undefined
DAT_005847e0,005847e0,1,undefined
DAT_005847e4,005847e4,1,undefined
DAT_005847e8,005847e8,1,undefined
DAT_005847ec,005847ec,1,undefined
DAT_005847f0,005847f0,1,undefined
DAT_005847f4,005847f4,1,undefined
DAT_005847f8,005847f8,1,undefined
DAT_005847fc,005847fc,1,undefined
DAT_00584800,00584800,4,undefined4
DAT_00584804,00584804,4,undefined4
DAT_00584838,00584838,1,undefined
DAT_0058483c,0058483c,1,undefined
DAT_00584860,00584860,1,undefined
DAT_00584880,00584880,1,undefined
DAT_00584884,00584884,1,undefined
DAT_00584888,00584888,1,undefined
DAT_0058488c,0058488c,1,undefined
DAT_00584890,00584890,1,undefined
DAT_00584894,00584894,1,undefined
DAT_00584898,00584898,1,undefined
DAT_0058489c,0058489c,1,undefined
DAT_005848a0,005848a0,1,undefined
DAT_005848a4,005848a4,1,undefined
DAT_005848b4,005848b4,1,undefined
DAT_005848b8,005848b8,1,undefined
DAT_005848bc,005848bc,1,undefined
DAT_005848c0,005848c0,1,undefined
DAT_005848c4,005848c4,1,undefined
DAT_005848cc,005848cc,4,undefined4
DAT_005848d8,005848d8,4,undefined4
DAT_005848dc,005848dc,1,undefined
DAT_005848e8,005848e8,4,undefined4
DAT_005848ec,005848ec,4,undefined4
DAT_005848f0,005848f0,1,undefined1
DAT_005848f1,005848f1,1,undefined1
DAT_005848f8,005848f8,1,undefined
DAT_005848fc,005848fc,1,undefined
DAT_00584900,00584900,1,undefined
DAT_00584904,00584904,1,undefined
DAT_00584908,00584908,1,undefined
DAT_0058490c,0058490c,1,undefined
DAT_00584910,00584910,1,undefined
DAT_00584911,00584911,1,undefined
DAT_00584912,00584912,1,undefined
DAT_00584913,00584913,1,undefined
DAT_00584918,00584918,1,undefined
DAT_00584920,00584920,4,undefined4
DAT_00584924,00584924,4,undefined4
DAT_0058494c,0058494c,1,undefined
DAT_00584950,00584950,1,undefined
DAT_00584954,00584954,1,undefined
DAT_00584958,00584958,4,undefined4
DAT_0058495c,0058495c,1,undefined
DAT_00584960,00584960,1,undefined
DAT_00584964,00584964,1,undefined
DAT_00584968,00584968,1,undefined
DAT_00584970,00584970,1,undefined
DAT_00584974,00584974,1,undefined
DAT_0058497c,0058497c,1,undefined
DAT_00584998,00584998,4,undefined4
DAT_0058499c,0058499c,4,undefined4
DAT_005849a0,005849a0,1,undefined
DAT_005849a4,005849a4,1,undefined
DAT_005849a8,005849a8,2,undefined2
DAT_005849ac,005849ac,4,undefined4
DAT_005849b0,005849b0,4,undefined4
DAT_005849b4,005849b4,4,undefined4
DAT_005849b8,005849b8,2,undefined2
DAT_005849bc,005849bc,4,undefined4
DAT_005849c0,005849c0,1,undefined
DAT_005849c8,005849c8,1,undefined
DAT_005849cc,005849cc,1,undefined
DAT_005849d0,005849d0,4,undefined4
DAT_005849d4,005849d4,2,undefined2
DAT_005849d6,005849d6,2,undefined2
DAT_005849d8,005849d8,2,undefined2
DAT_005849da,005849da,2,undefined2
DAT_005849e0,005849e0,2,undefined2
DAT_00584a48,00584a48,1,undefined
DAT_00584a4c,00584a4c,4,undefined4
DAT_00584a4c+2,00584a4e,1,undefined
DAT_00584a54,00584a54,4,undefined4
DAT_00584a58,00584a58,1,undefined
DAT_00584a74,00584a74,1,undefined
DAT_00584a78,00584a78,4,undefined4
DAT_00584a7c,00584a7c,1,undefined
DAT_00584a88,00584a88,1,undefined
DAT_00584a8c,00584a8c,4,undefined4
DAT_00584a90,00584a90,4,undefined4
DAT_00584aa4,00584aa4,4,undefined4
DAT_00584bec,00584bec,1,undefined
DAT_00584bf0,00584bf0,4,undefined4
DAT_00584bf4,00584bf4,4,undefined4
DAT_00584bf8,00584bf8,2,undefined2
DAT_00584bfa,00584bfa,2,undefined2
DAT_00584bfc,00584bfc,1,undefined
DAT_00584c00,00584c00,1,undefined
DAT_00584c04,00584c04,4,undefined4
DAT_00584c08,00584c08,4,undefined4
DAT_00584c0c,00584c0c,2,undefined2
DAT_00584c0e,00584c0e,2,undefined2
DAT_00584c10,00584c10,1,undefined
DAT_00584c18,00584c18,1,undefined
DAT_00584c1c,00584c1c,4,undefined4
DAT_00584c20,00584c20,4,undefined4
DAT_00584c24,00584c24,4,undefined4
DAT_00584c28,00584c28,4,undefined4
DAT_00584c30,00584c30,4,undefined4
DAT_00584c44,00584c44,1,undefined
DAT_00584c50,00584c50,1,undefined
DAT_00584c51,00584c51,1,undefined
DAT_00584c52,00584c52,1,undefined
DAT_00584c53,00584c53,1,undefined
DAT_00584e50,00584e50,1,undefined
DAT_00584e60,00584e60,4,undefined4
DAT_00584e64,00584e64,4,undefined4
DAT_00584e6c,00584e6c,4,undefined4
DAT_00584e70,00584e70,4,undefined4
DAT_00584e80,00584e80,1,undefined1
DAT_00584e81,00584e81,1,undefined1
DAT_00584ea0,00584ea0,2,undefined2
DAT_00584ea2,00584ea2,2,undefined2
DAT_00584ea4,00584ea4,1,undefined1
DAT_00584ea6,00584ea6,2,undefined2
DAT_00584ea8,00584ea8,1,undefined1
DAT_00584eac,00584eac,1,undefined1
DAT_00584eb4,00584eb4,4,undefined4
DAT_00584eb8,00584eb8,4,undefined4
DAT_00584ebc,00584ebc,4,undefined4
DAT_00584ec0,00584ec0,4,undefined4
DAT_00584ec4,00584ec4,1,undefined1
DAT_00584ec8,00584ec8,1,undefined1
DAT_00584ec9,00584ec9,1,undefined1
DAT_00584ecc,00584ecc,2,undefined2
DAT_00584ece,00584ece,1,undefined1
DAT_00584ecf,00584ecf,1,undefined
DAT_00584ed0,00584ed0,1,undefined1
DAT_00584ed5,00584ed5,1,undefined1
DAT_00584efe,00584efe,1,undefined
DAT_00584f04,00584f04,4,undefined4
DAT_00584f08,00584f08,1,undefined1
DAT_00584f0c,00584f0c,1,undefined
DAT_00584f10,00584f10,4,undefined4
DAT_00584f18,00584f18,1,undefined1
DAT_00584f1c,00584f1c,4,undefined4
DAT_00584f20,00584f20,2,undefined2
DAT_00584f24,00584f24,2,undefined2
DAT_00584ff4,00584ff4,4,undefined4
DAT_00584ff8,00584ff8,1,undefined
DAT_00584ffc,00584ffc,4,undefined4
DAT_00585000,00585000,4,undefined4
DAT_00585004,00585004,4,undefined4
DAT_00585008,00585008,4,undefined4
DAT_0058500c,0058500c,4,undefined4
DAT_00585010,00585010,4,undefined4
DAT_00585014,00585014,4,undefined4
DAT_00585018,00585018,4,undefined4
DAT_00585018+1,00585019,1,undefined
DAT_00585024,00585024,1,undefined
DAT_00585218,00585218,1,undefined1
DAT_00585219,00585219,1,undefined1
DAT_0058521c,0058521c,1,undefined
DAT_00585274,00585274,1,undefined1
DAT_00585275,00585275,1,undefined1
DAT_00585276,00585276,1,undefined
DAT_00585277,00585277,1,undefined
DAT_00585278,00585278,4,undefined4
DAT_00585278+1,00585279,1,undefined
DAT_00585278+2,0058527a,1,undefined
DAT_00585278+3,0058527b,1,undefined
DAT_0058527c,0058527c,1,undefined
DAT_0058527d,0058527d,1,undefined
DAT_00585282,00585282,1,undefined
DAT_005852b2,005852b2,1,undefined
DAT_005852b3,005852b3,1,undefined
DAT_005852b4,005852b4,1,undefined
DAT_005852b5,005852b5,1,undefined
DAT_005852b6,005852b6,1,undefined
DAT_005852b7,005852b7,1,undefined
DAT_005852b8,005852b8,1,undefined
DAT_005852ba,005852ba,1,undefined
DAT_005852bc,005852bc,1,undefined
DAT_00585324,00585324,1,undefined
DAT_00585325,00585325,1,undefined
DAT_00585344,00585344,1,undefined
DAT_00585345,00585345,1,undefined
DAT_00585346,00585346,1,undefined
DAT_00585347,00585347,1,undefined
DAT_00585348,00585348,1,undefined
DAT_00585349,00585349,1,undefined
DAT_0058534a,0058534a,1,undefined
DAT_0058534b,0058534b,1,undefined
DAT_0058534c,0058534c,1,undefined
DAT_0058534d,0058534d,1,undefined
DAT_00585374,00585374,1,undefined1
DAT_00585574,00585574,1,undefined
DAT_0058557c,0058557c,4,undefined4
DAT_00585580,00585580,1,undefined
DAT_00585588,00585588,4,undefined4
DAT_0058559c,0058559c,1,undefined
DAT_005855a0,005855a0,4,undefined4
DAT_005855a4,005855a4,1,undefined1
DAT_005855a8,005855a8,1,undefined
DAT_005855ac,005855ac,1,undefined
DAT_005855b0,005855b0,4,undefined4
DAT_005855b8,005855b8,1,undefined
DAT_005855bc,005855bc,4,undefined4
DAT_005855c0,005855c0,1,undefined
DAT_005855c4,005855c4,1,undefined
DAT_005855c8,005855c8,1,undefined
DAT_005855d0,005855d0,4,undefined4
DAT_005855d4,005855d4,4,undefined4
DAT_005855d8,005855d8,4,undefined4
DAT_005855dc,005855dc,1,undefined1
DAT_005855dd,005855dd,1,undefined1
DAT_005855e8,005855e8,1,undefined1
DAT_005855e9,005855e9,1,undefined1
DAT_005855ec,005855ec,4,undefined4
DAT_00585620,00585620,1,undefined1
DAT_005856a0,005856a0,1,undefined1
DAT_005856e8,005856e8,4,undefined4
DAT_005856ec,005856ec,4,undefined4
DAT_00585738,00585738,1,undefined
DAT_00585739,00585739,1,undefined1
DAT_00585740,00585740,1,undefined
DAT_00585744,00585744,4,undefined4
DAT_00585748,00585748,4,undefined4
DAT_00585a68,00585a68,4,undefined4
DAT_00585a6c,00585a6c,4,undefined4
DAT_00585a70,00585a70,4,undefined4
DAT_00585a74,00585a74,4,undefined4
DAT_00585a78,00585a78,4,undefined4
DAT_00585a7c,00585a7c,4,undefined4
DAT_00585a88,00585a88,4,undefined4
DAT_005863b4,005863b4,1,undefined
DAT_005863b8,005863b8,4,undefined4
DAT_005863bc,005863bc,4,undefined4
DAT_005863c8,005863c8,4,undefined4
DAT_005863cc,005863cc,4,undefined4
DAT_005863d0,005863d0,1,undefined
DAT_005863d4,005863d4,1,undefined
DAT_005863d8,005863d8,1,undefined
DAT_005863dc,005863dc,4,undefined4
DAT_005863e0,005863e0,1,undefined
DAT_005863e4,005863e4,1,undefined
DAT_005863e8,005863e8,4,undefined4
DAT_005863ec,005863ec,1,undefined
DAT_005863f0,005863f0,1,undefined
DAT_005863f4,005863f4,4,undefined4
DAT_005863f8,005863f8,4,undefined4
DAT_005863fc,005863fc,4,undefined4
DAT_00586400,00586400,4,undefined4
DAT_00586408,00586408,4,undefined4
DAT_0058640c,0058640c,4,undefined4
DAT_00586410,00586410,4,undefined4
DAT_00586414,00586414,4,undefined4
DAT_00586418,00586418,4,undefined4
DAT_0058641c,0058641c,4,undefined4
DAT_00586420,00586420,4,undefined4
DAT_00586424,00586424,4,undefined4
DAT_00586428,00586428,1,undefined
DAT_0058642c,0058642c,1,undefined
DAT_00586430,00586430,4,undefined4
DAT_00586568,00586568,4,undefined4
DAT_0058656c,0058656c,4,undefined4
DAT_00586570,00586570,4,undefined4
DAT_00586574,00586574,4,undefined4
DAT_00586580,00586580,4,undefined4
DAT_00586584,00586584,4,undefined4
DAT_00586588,00586588,4,undefined4
DAT_0058658c,0058658c,4,undefined4
DAT_00586590,00586590,4,undefined4
DAT_00586594,00586594,1,undefined
DAT_00586598,00586598,4,undefined4
DAT_0058659c,0058659c,4,undefined4
DAT_005865a4,005865a4,4,undefined4
DAT_005865b0,005865b0,4,undefined4
DAT_005865b4,005865b4,4,undefined4
DAT_005865b8,005865b8,4,undefined4
DAT_005865c8,005865c8,1,undefined
DAT_005865cc,005865cc,4,undefined4
DAT_005865d0,005865d0,4,undefined4
DAT_005865d4,005865d4,4,undefined4
DAT_005865e0,005865e0,4,undefined4
DAT_005865e4,005865e4,4,undefined4
DAT_005865e8,005865e8,4,undefined4
DAT_005865f0,005865f0,4,undefined4
DAT_0058b0f0,0058b0f0,4,undefined4
DAT_0058b0f4,0058b0f4,4,undefined4
DAT_0058b0f8,0058b0f8,4,undefined4
DAT_0058b0fc,0058b0fc,4,undefined4
DAT_0058b100,0058b100,4,undefined4
DAT_0058b104,0058b104,4,undefined4
DAT_0058b108,0058b108,4,undefined4
DAT_0058b10c,0058b10c,4,undefined4
DAT_0058b110,0058b110,4,undefined4
DAT_0058b114,0058b114,4,undefined4
DAT_005b53f0,005b53f0,1,undefined
DAT_005b53f8,005b53f8,4,undefined4
DAT_005b53fc,005b53fc,4,undefined4
DAT_005b5400,005b5400,4,undefined4
DAT_005b5410,005b5410,4,undefined4
DAT_005b5414,005b5414,4,undefined4
DAT_005b5418,005b5418,4,undefined4
DAT_005b541c,005b541c,4,undefined4
DAT_005b5420,005b5420,4,undefined4
DAT_005b5424,005b5424,4,undefined4
DAT_005b5428,005b5428,4,undefined4
DAT_005b542c,005b542c,4,undefined4
DAT_005b5430,005b5430,4,undefined4
DAT_005b5434,005b5434,4,undefined4
DAT_005b5438,005b5438,4,undefined4
DAT_005b543c,005b543c,4,undefined4
DAT_005b5440,005b5440,4,undefined4
DAT_005d15f8,005d15f8,1,undefined
DAT_005d15fc,005d15fc,1,undefined
DAT_005d1600,005d1600,1,undefined
DAT_005d1604,005d1604,1,undefined
DAT_005d1608,005d1608,1,undefined
DAT_005d160b,005d160b,1,undefined
DAT_005d160c,005d160c,1,undefined
DAT_005d1610,005d1610,1,undefined
DAT_005d1614,005d1614,1,undefined
DAT_005d1618,005d1618,1,undefined
DAT_005d161c,005d161c,1,undefined
DAT_005d1620,005d1620,1,undefined
DAT_005d1624,005d1624,1,undefined
DAT_005d1628,005d1628,1,undefined
DAT_005d162b,005d162b,1,undefined
DAT_005d162c,005d162c,1,undefined
DAT_005d1630,005d1630,1,undefined
DAT_005d1634,005d1634,1,undefined
DAT_005d1638,005d1638,1,undefined
DAT_005d163c,005d163c,1,undefined
DAT_005d1640,005d1640,1,undefined
DAT_005d1644,005d1644,1,undefined
DAT_005d1648,005d1648,1,undefined
DAT_005d164b,005d164b,1,undefined
DAT_005d164c,005d164c,1,undefined
DAT_005d1650,005d1650,1,undefined
DAT_005d1654,005d1654,1,undefined
DAT_005f6e7c,005f6e7c,1,undefined
DAT_005f6ec0,005f6ec0,4,undefined4
DAT_005f6ecc,005f6ecc,1,undefined
DAT_005f6ed0,005f6ed0,1,undefined
DAT_005f6ee8,005f6ee8,1,undefined1
DAT_005f6eec,005f6eec,1,undefined
DAT_005f6ef0,005f6ef0,1,undefined
DAT_005f6ef4,005f6ef4,1,undefined
DAT_005f6ef8,005f6ef8,4,undefined4
DAT_005f6efc,005f6efc,4,undefined4
DAT_005f8ef8,005f8ef8,4,undefined4
DAT_005fcef4,005fcef4,4,undefined4
DAT_005fcef8,005fcef8,4,undefined4
DAT_005fcefc,005fcefc,4,undefined4
DAT_005fcf00,005fcf00,2,undefined2
DAT_005fcf04,005fcf04,4,undefined4
DAT_005fcf08,005fcf08,4,undefined4
DAT_005fcf0c,005fcf0c,4,undefined4
DAT_005fcf10,005fcf10,1,undefined
DAT_005fcf14,005fcf14,1,undefined1
DAT_005fcf18,005fcf18,4,undefined4
DAT_005fcf1c,005fcf1c,4,undefined4
DAT_005fcf20,005fcf20,4,undefined4
DAT_005fcf24,005fcf24,4,undefined4
DAT_005fcf28,005fcf28,4,undefined4
DAT_005fcf2c,005fcf2c,4,undefined4
DAT_005fcf30,005fcf30,4,undefined4
DAT_005fcf34,005fcf34,4,undefined4
DAT_005fcf38,005fcf38,4,undefined4
DAT_005fcf3c,005fcf3c,4,undefined4
DAT_005fcf40,005fcf40,4,undefined4
DAT_005fcf44,005fcf44,4,undefined4
DAT_005fcf48,005fcf48,1,undefined
DAT_005fcf4c,005fcf4c,2,undefined2
DAT_005fcf4e,005fcf4e,2,undefined2
DAT_005fcf50,005fcf50,4,undefined4
DAT_005fcf54,005fcf54,4,undefined4
DAT_005fcf58,005fcf58,4,undefined4
DAT_005fcf5c,005fcf5c,4,undefined4
DAT_005fcf60,005fcf60,4,undefined4
DAT_005fcf64,005fcf64,4,undefined4
DAT_005fcf68,005fcf68,4,undefined4
DAT_005fcf6c,005fcf6c,4,undefined4
DAT_005fcf70,005fcf70,4,undefined4
DAT_005fcf74,005fcf74,4,undefined4
DAT_005fcf78,005fcf78,4,undefined4
DAT_005fcf7c,005fcf7c,4,undefined4
DAT_005fcf80,005fcf80,4,undefined4
DAT_005fcf84,005fcf84,4,undefined4
DAT_005fcf88,005fcf88,4,undefined4
DAT_005fcf8c,005fcf8c,4,undefined4
DAT_005fcf90,005fcf90,4,undefined4
DAT_005fcf94,005fcf94,1,undefined
DAT_005fcf98,005fcf98,4,undefined4
DAT_005fcf9c,005fcf9c,1,undefined
DAT_005fcfa0,005fcfa0,1,undefined
DAT_005fcfa4,005fcfa4,1,undefined
DAT_005fcfe4,005fcfe4,1,undefined
DAT_005fcfec,005fcfec,1,undefined
DAT_005fcff0,005fcff0,1,undefined
DAT_005fcff4,005fcff4,1,undefined
DAT_005fcff8,005fcff8,1,undefined
DAT_005fd004,005fd004,1,undefined
DAT_005fd008,005fd008,1,undefined
DAT_005fd00c,005fd00c,1,undefined
DAT_005fd010,005fd010,1,undefined
DAT_005fd014,005fd014,1,undefined
DAT_005fd01a,005fd01a,1,undefined
DAT_005fd01c,005fd01c,1,undefined
DAT_005fd020,005fd020,4,undefined4
DAT_005fd024,005fd024,4,undefined4
DAT_005fd028,005fd028,4,undefined4
DAT_005fd02c,005fd02c,4,undefined4
DAT_005fd030,005fd030,4,undefined4
DAT_005fd034,005fd034,4,undefined4
DAT_005fd038,005fd038,4,undefined4
DAT_005fd03c,005fd03c,4,undefined4
DAT_005fd040,005fd040,1,undefined
DAT_005fd044,005fd044,4,undefined4
DAT_005fd048,005fd048,1,undefined
DAT_005fd04c,005fd04c,1,undefined
DAT_005fd050,005fd050,1,undefined
DAT_005fd054,005fd054,4,undefined4
DAT_005fd058,005fd058,4,undefined4
DAT_005fd05c,005fd05c,4,undefined4
DAT_005fd060,005fd060,4,undefined4
DAT_005fd064,005fd064,4,undefined4
DAT_005fd068,005fd068,4,undefined4
DAT_005fd06c,005fd06c,4,undefined4
DAT_005fd074,005fd074,4,undefined4
DAT_005fd07c,005fd07c,1,undefined
DAT_005fd080,005fd080,1,undefined
DAT_005fd086,005fd086,1,undefined
DAT_005fd08c,005fd08c,4,undefined4
DAT_005fd090,005fd090,4,undefined4
DAT_005fd09c,005fd09c,4,undefined4
DAT_005fd0a0,005fd0a0,1,undefined
DAT_005fd0a4,005fd0a4,4,undefined4
DAT_005fd0a8,005fd0a8,1,undefined
DAT_005fd0ac,005fd0ac,1,undefined
DAT_005fd0b4,005fd0b4,4,undefined4
DAT_005fd0b8,005fd0b8,1,undefined
DAT_005fd0c0,005fd0c0,1,undefined
DAT_005fd180,005fd180,1,undefined
DAT_005fd184,005fd184,1,undefined
DAT_005fd188,005fd188,1,undefined
DAT_005fd18c,005fd18c,1,undefined
DAT_005fd190,005fd190,1,undefined
DAT_005fd194,005fd194,1,undefined
DAT_005fd270,005fd270,1,undefined
DAT_005fd274,005fd274,1,undefined
DAT_005fd278,005fd278,1,undefined
DAT_005fd27c,005fd27c,1,undefined
DAT_005fd290,005fd290,1,undefined
DAT_005fd540,005fd540,1,undefined
DAT_005fd544,005fd544,1,undefined
DAT_005fd590,005fd590,4,undefined4
DAT_005fd594,005fd594,4,undefined4
DAT_005fd598,005fd598,4,undefined4
DAT_005fd5ac,005fd5ac,1,undefined
DAT_005fd9bc,005fd9bc,4,undefined4
DAT_005fd9c0,005fd9c0,4,undefined4
DAT_005fd9c4,005fd9c4,4,undefined4
DAT_005fd9c8,005fd9c8,4,undefined4
DAT_005fd9cc,005fd9cc,4,undefined4
DAT_005fddf0,005fddf0,1,undefined
DAT_005fe230,005fe230,1,undefined
DAT_005fe234,005fe234,1,undefined
DAT_005fe238,005fe238,1,undefined
DAT_005fe23c,005fe23c,4,undefined4
DAT_005fe240,005fe240,1,undefined
DAT_005fe241,005fe241,1,undefined
DAT_005fe242,005fe242,1,undefined
DAT_005fe243,005fe243,1,undefined
DAT_005fe244,005fe244,1,undefined
DAT_005fe245,005fe245,1,undefined
DAT_005fe246,005fe246,1,undefined
DAT_005fe247,005fe247,1,undefined
DAT_005fe248,005fe248,1,undefined
DAT_005fe24a,005fe24a,1,undefined
DAT_005fe24c,005fe24c,1,undefined
DAT_005fe250,005fe250,4,undefined4
DAT_005fe254,005fe254,4,undefined4
DAT_005fe258,005fe258,1,undefined
DAT_005fe25c,005fe25c,4,undefined4
DAT_005fe260,005fe260,1,undefined1
DAT_005fe270,005fe270,4,undefined4
DAT_005fe284,005fe284,4,undefined4
DAT_005fe288,005fe288,4,undefined4
DAT_005fe290,005fe290,4,undefined4
DAT_005fe294,005fe294,1,undefined1
DAT_005fe2b8,005fe2b8,1,undefined
DAT_005fe644,005fe644,1,undefined
DAT_005fe648,005fe648,1,undefined
DAT_005fef30,005fef30,1,undefined1
DAT_005fef32,005fef32,2,undefined2
DAT_005fef34,005fef34,1,undefined
DAT_005fef36,005fef36,1,undefined
DAT_005fef70,005fef70,1,undefined
DAT_005ff030,005ff030,1,undefined1
DAT_005ff034,005ff034,4,undefined4
DAT_005ff038,005ff038,4,undefined4
DAT_005ff03c,005ff03c,4,undefined4
DAT_005ff040,005ff040,1,undefined
DAT_005ff058,005ff058,1,undefined1
DAT_005ff05c,005ff05c,4,undefined4
DAT_005ff05c+1,005ff05d,1,undefined
DAT_005ff05c+2,005ff05e,1,undefined
DAT_005ff05c+3,005ff05f,1,undefined
DAT_005ff060,005ff060,4,undefined4
DAT_005ff064,005ff064,4,undefined4
DAT_005ff068,005ff068,1,undefined
DAT_005ff06c,005ff06c,4,undefined4
DAT_005ff070,005ff070,4,undefined4
DAT_005ff078,005ff078,4,undefined4
DAT_005ff07c,005ff07c,4,undefined4
DAT_005ff080,005ff080,4,undefined4
DAT_005ff084,005ff084,4,undefined4
DAT_005ff090,005ff090,1,undefined
DAT_005ff0a8,005ff0a8,4,undefined4
DAT_005ff0ac,005ff0ac,4,undefined4
DAT_005ff0b0,005ff0b0,4,undefined4
DAT_005ff0b4,005ff0b4,4,undefined4
DAT_005ff0b8,005ff0b8,1,undefined
DAT_005ff0bc,005ff0bc,1,undefined
DAT_005ff0c0,005ff0c0,1,undefined
DAT_005ff104,005ff104,4,undefined4
DAT_005ff108,005ff108,1,undefined
DAT_005ff10c,005ff10c,1,undefined
DAT_005ff110,005ff110,1,undefined
DAT_005ff158,005ff158,4,undefined4
DAT_005ff15c,005ff15c,4,undefined4
DAT_005ff160,005ff160,4,undefined4
DAT_005ff164,005ff164,4,undefined4
DAT_005ff168,005ff168,4,undefined4
DAT_005ff16c,005ff16c,4,undefined4
DAT_005ff170,005ff170,1,undefined
DAT_005ff174,005ff174,1,undefined
DAT_005ff178,005ff178,1,undefined
DAT_005ff17c,005ff17c,1,undefined
DAT_005ff180,005ff180,1,undefined
DAT_005ff184,005ff184,1,undefined
DAT_005ff190,005ff190,1,undefined
DAT_005ff248,005ff248,1,undefined
DAT_005ff250,005ff250,4,undefined4
DAT_005ff254,005ff254,4,undefined4
DAT_005ff258,005ff258,1,undefined
DAT_005ff270,005ff270,4,undefined4
DAT_005ff274,005ff274,4,undefined4
DAT_005ff290,005ff290,4,undefined4
DAT_005ff2b0,005ff2b0,4,undefined4
DAT_005ff2b4,005ff2b4,4,undefined4
DAT_005ff4d0,005ff4d0,1,undefined
DAT_005ff610,005ff610,1,undefined
DAT_005ff718,005ff718,4,undefined4
DAT_005ff71c,005ff71c,4,undefined4
DAT_005ff720,005ff720,4,undefined4
DAT_005ff724,005ff724,1,undefined
DAT_005ff728,005ff728,4,undefined4
DAT_005ff72c,005ff72c,4,undefined4
DAT_005ff730,005ff730,4,undefined4
DAT_006060ff,006060ff,1,undefined
DAT_0060ff60,0060ff60,1,undefined
DAT_0060ffff,0060ffff,1,undefined
DAT_0061fb34,0061fb34,4,undefined4
DAT_0061fb38,0061fb38,4,undefined4
DAT_0061ff34,0061ff34,4,undefined4
DAT_0061ff38,0061ff38,4,undefined4
DAT_00627f34,00627f34,4,undefined4
DAT_00627f38,00627f38,4,undefined4
DAT_0064b0b8,0064b0b8,4,undefined4
DAT_0064b0bc,0064b0bc,4,undefined4
DAT_0066e23c,0066e23c,4,undefined4
DAT_0066e240,0066e240,4,undefined4
DAT_006913c0,006913c0,4,undefined4
DAT_006913c4,006913c4,4,undefined4
DAT_006b4544,006b4544,4,undefined4
DAT_006b4548,006b4548,4,undefined4
DAT_006d76c8,006d76c8,4,undefined4
DAT_006d7acc,006d7acc,4,undefined4
DAT_006d7ad0,006d7ad0,4,undefined4
DAT_006d7ae0,006d7ae0,1,undefined
DAT_006d7b68,006d7b68,1,undefined
DAT_006d7b6c,006d7b6c,1,undefined
DAT_006d7b70,006d7b70,1,undefined
DAT_006d7b74,006d7b74,1,undefined
DAT_006d7b78,006d7b78,1,undefined
DAT_006d7b7c,006d7b7c,1,undefined
DAT_006d7b80,006d7b80,1,undefined
DAT_006d7b84,006d7b84,1,undefined
DAT_006d7b88,006d7b88,1,undefined
DAT_006d7b8c,006d7b8c,1,undefined
DAT_006d7b90,006d7b90,1,undefined
DAT_006d7b94,006d7b94,1,undefined
DAT_006d7b98,006d7b98,4,undefined4
DAT_006d7b9c,006d7b9c,4,undefined4
DAT_006d7ba0,006d7ba0,4,undefined4
DAT_006d7ba4,006d7ba4,1,undefined
DAT_006d7be8,006d7be8,1,undefined
DAT_006d7bec,006d7bec,1,undefined
DAT_006d7bf0,006d7bf0,1,undefined
DAT_006d7bf4,006d7bf4,1,undefined
DAT_006d7bf8,006d7bf8,1,undefined
DAT_006d7bfc,006d7bfc,1,undefined
DAT_006d7c00,006d7c00,1,undefined
DAT_006d7c04,006d7c04,1,undefined
DAT_006d7c08,006d7c08,1,undefined
DAT_006d7c0c,006d7c0c,1,undefined
DAT_006d7c10,006d7c10,1,undefined
DAT_006d7c14,006d7c14,1,undefined
DAT_006d7c18,006d7c18,1,undefined
DAT_006d7c1c,006d7c1c,1,undefined
DAT_006d7c20,006d7c20,1,undefined
DAT_006d7c24,006d7c24,1,undefined
DAT_006d7c30,006d7c30,1,undefined1
DAT_006d7c34,006d7c34,4,undefined4
DAT_006d7c38,006d7c38,1,undefined1
DAT_006d7c39,006d7c39,1,undefined1
DAT_006d7c3a,006d7c3a,1,undefined1
DAT_006d7c40,006d7c40,4,undefined4
DAT_006d7c44,006d7c44,4,undefined4
DAT_006d7c48,006d7c48,4,undefined4
DAT_006d7c4c,006d7c4c,1,undefined1
DAT_006d7c4d,006d7c4d,1,undefined1
DAT_006d7c4e,006d7c4e,1,undefined1
DAT_006d7c50,006d7c50,4,undefined4
DAT_006d7c54,006d7c54,4,undefined4
DAT_006d7c58,006d7c58,4,undefined4
DAT_006d7c5c,006d7c5c,4,undefined4
DAT_006d7c60,006d7c60,1,undefined1
DAT_006d7c61,006d7c61,1,undefined1
DAT_006d7c62,006d7c62,1,undefined1
DAT_006d7c63,006d7c63,1,undefined1
DAT_006d7c64,006d7c64,1,undefined1
DAT_006d7c65,006d7c65,1,undefined1
DAT_006d7c66,006d7c66,1,undefined1
DAT_006d7c67,006d7c67,1,undefined1
DAT_006d7c68,006d7c68,1,undefined1
DAT_006d7c69,006d7c69,1,undefined1
DAT_006d7c6a,006d7c6a,1,undefined1
DAT_006d7c6b,006d7c6b,1,undefined1
DAT_006d7c6c,006d7c6c,1,undefined1
DAT_006d7c6d,006d7c6d,1,undefined1
DAT_006d7c6e,006d7c6e,1,undefined1
DAT_006d7c6f,006d7c6f,1,undefined1
DAT_006d7c70,006d7c70,1,undefined1
DAT_006d7c71,006d7c71,1,undefined
DAT_006d7c72,006d7c72,1,undefined1
DAT_006d7c74,006d7c74,4,undefined4
DAT_006d7c78,006d7c78,1,undefined1
DAT_006d7c80,006d7c80,4,undefined4
DAT_006d7c84,006d7c84,4,undefined4
DAT_006d7ca0,006d7ca0,4,undefined4
DAT_006d7ca4,006d7ca4,4,undefined4
DAT_006d7cc0,006d7cc0,4,undefined4
DAT_006d7cc4,006d7cc4,4,undefined4
DAT_006d7dc0,006d7dc0,1,undefined
DAT_006d7f00,006d7f00,4,undefined4
DAT_006d7f04,006d7f04,4,undefined4
DAT_006d7f08,006d7f08,4,undefined4
DAT_006d7f0c,006d7f0c,4,undefined4
DAT_006d7f20,006d7f20,4,undefined4
DAT_006d7f24,006d7f24,4,undefined4
DAT_006d7f28,006d7f28,4,undefined4
DAT_006d7f2c,006d7f2c,4,undefined4
DAT_006d7f40,006d7f40,4,undefined4
DAT_006d7f44,006d7f44,4,undefined4
DAT_006d7f48,006d7f48,4,undefined4
DAT_006d7f4c,006d7f4c,4,undefined4
DAT_006d7f60,006d7f60,4,undefined4
DAT_006d7f64,006d7f64,4,undefined4
DAT_006d7f6c,006d7f6c,4,undefined4
DAT_006d8040,006d8040,1,undefined
DAT_006d804c,006d804c,4,undefined4
DAT_006d8400,006d8400,1,undefined
DAT_006d8404,006d8404,1,undefined
DAT_006d8408,006d8408,1,undefined
DAT_006d840c,006d840c,1,undefined
DAT_006d8410,006d8410,1,undefined
DAT_006d8418,006d8418,1,undefined
DAT_006d841c,006d841c,1,undefined
DAT_006d8420,006d8420,1,undefined
DAT_006d8428,006d8428,1,undefined
DAT_006d842c,006d842c,1,undefined
DAT_006d8430,006d8430,1,undefined
DAT_006d8438,006d8438,1,undefined
DAT_006d843c,006d843c,1,undefined
DAT_006d8440,006d8440,1,undefined
DAT_006d8448,006d8448,1,undefined
DAT_006d844c,006d844c,1,undefined
DAT_006d8450,006d8450,1,undefined
DAT_006d8458,006d8458,1,undefined
DAT_006d8498,006d8498,1,undefined1
DAT_006d84a0,006d84a0,1,undefined
DAT_006d84a4,006d84a4,1,undefined
DAT_006d84a8,006d84a8,1,undefined
DAT_006d84b0,006d84b0,4,undefined4
DAT_006d84b4,006d84b4,4,undefined4
DAT_006d84b8,006d84b8,4,undefined4
DAT_006d84bc,006d84bc,4,undefined4
DAT_006d84d0,006d84d0,4,undefined4
DAT_006d84d4,006d84d4,4,undefined4
DAT_006d84d8,006d84d8,4,undefined4
DAT_006d84dc,006d84dc,4,undefined4
DAT_006d84f0,006d84f0,4,undefined4
DAT_006d84f4,006d84f4,4,undefined4
DAT_006d84f8,006d84f8,4,undefined4
DAT_006d84fc,006d84fc,4,undefined4
DAT_006d8510,006d8510,4,undefined4
DAT_006d8514,006d8514,4,undefined4
DAT_006d851c,006d851c,4,undefined4
DAT_006d85f0,006d85f0,1,undefined
DAT_006d8731,006d8731,1,undefined1
DAT_006d8732,006d8732,1,undefined1
DAT_006d8733,006d8733,1,undefined1
DAT_006d8734,006d8734,1,undefined
DAT_006d8738,006d8738,1,undefined
DAT_006d8740,006d8740,1,undefined
DAT_006d8744,006d8744,1,undefined
DAT_006d8748,006d8748,4,undefined4
DAT_006d8750,006d8750,4,undefined4
DAT_006d8754,006d8754,4,undefined4
DAT_006d8758,006d8758,4,undefined4
DAT_006d875c,006d875c,4,undefined4
DAT_006d8760,006d8760,4,undefined4
DAT_006d8764,006d8764,4,undefined4
DAT_006d87e4,006d87e4,1,undefined
DAT_006d87f4,006d87f4,4,undefined4
DAT_006d91b8,006d91b8,4,undefined4
DAT_006d91c0,006d91c0,4,undefined4
DAT_006d91c4,006d91c4,4,undefined4
DAT_006d91c8,006d91c8,4,undefined4
DAT_006d91d4,006d91d4,1,undefined
DAT_006d91d8,006d91d8,4,undefined4
DAT_006d91e0,006d91e0,4,undefined4
DAT_006d91e4,006d91e4,4,undefined4
DAT_006d91e8,006d91e8,4,undefined4
DAT_006d91ec,006d91ec,1,undefined
DAT_006d91f0,006d91f0,1,undefined
DAT_006d91f4,006d91f4,1,undefined
DAT_006d93e0,006d93e0,1,undefined
DAT_006d93e4,006d93e4,2,undefined2
DAT_006d93e6,006d93e6,1,undefined
DAT_006d93e8,006d93e8,1,undefined
DAT_006d93ea,006d93ea,1,undefined
DAT_006d93f4,006d93f4,1,undefined
DAT_006d93f8,006d93f8,1,undefined
DAT_006d93fc,006d93fc,1,undefined
DAT_006d93fe,006d93fe,1,undefined
DAT_006d9400,006d9400,1,undefined
DAT_006d9402,006d9402,1,undefined
DAT_006d940c,006d940c,1,undefined
DAT_006d9468,006d9468,1,undefined
DAT_006d946c,006d946c,1,undefined
DAT_006d9470,006d9470,1,undefined
DAT_006d9478,006d9478,1,undefined
DAT_006d947c,006d947c,1,undefined
DAT_006d947e,006d947e,1,undefined
DAT_006d9480,006d9480,1,undefined
DAT_006d9482,006d9482,1,undefined
DAT_006d948c,006d948c,4,undefined4
DAT_006d9490,006d9490,4,undefined4
DAT_006d9494,006d9494,4,undefined4
DAT_006d9498,006d9498,4,undefined4
DAT_006d949c,006d949c,4,undefined4
DAT_006d94a0,006d94a0,4,undefined4
DAT_006d94a4,006d94a4,4,undefined4
DAT_006d94a8,006d94a8,1,undefined
DAT_006d94b0,006d94b0,1,undefined1
DAT_006d94b4,006d94b4,4,undefined4
DAT_006d94b8,006d94b8,4,undefined4
DAT_006d94c0,006d94c0,4,undefined4
DAT_006d94c8,006d94c8,4,undefined4
DAT_006d94cc,006d94cc,4,undefined4
DAT_006d94d0,006d94d0,4,undefined4
DAT_006d94d4,006d94d4,4,undefined4
DAT_006d94dc,006d94dc,4,undefined4
DAT_006d94e0,006d94e0,4,undefined4
DAT_006d94e4,006d94e4,4,undefined4
DAT_006d94e8,006d94e8,1,undefined1
DAT_006d9844,006d9844,1,undefined
DAT_006d984c,006d984c,1,undefined
DAT_006d9858,006d9858,1,undefined1
DAT_006d9bb4,006d9bb4,1,undefined
DAT_006d9bbc,006d9bbc,1,undefined
DAT_006d9bc4,006d9bc4,1,undefined
DAT_006d9bc8,006d9bc8,1,undefined
DAT_006d9bcc,006d9bcc,1,undefined
DAT_006d9bd0,006d9bd0,4,undefined4
DAT_006d9bd4,006d9bd4,2,undefined2
DAT_006d9bd8,006d9bd8,4,undefined4
DAT_006d9bdc,006d9bdc,4,undefined4
DAT_006d9be4,006d9be4,4,undefined4
DAT_006d9be8,006d9be8,4,undefined4
DAT_006d9bec,006d9bec,1,undefined1
DAT_006d9bf0,006d9bf0,4,undefined4
DAT_006d9bf4,006d9bf4,4,undefined4
DAT_006d9bf8,006d9bf8,4,undefined4
DAT_006d9bfc,006d9bfc,1,undefined
DAT_006d9c00,006d9c00,1,undefined1
DAT_006d9c04,006d9c04,1,undefined
DAT_006d9c08,006d9c08,4,undefined4
DAT_006d9c0c,006d9c0c,4,undefined4
DAT_006d9c10,006d9c10,4,undefined4
DAT_006d9c14,006d9c14,1,undefined
DAT_006d9c18,006d9c18,4,undefined4
DAT_006d9c1c,006d9c1c,4,undefined4
DAT_006d9c20,006d9c20,4,undefined4
DAT_006d9c90,006d9c90,4,undefined4
DAT_006d9cc0,006d9cc0,4,undefined4
DAT_006d9ce8,006d9ce8,4,undefined4
DAT_006d9cf0,006d9cf0,4,undefined4
DAT_006d9d18,006d9d18,1,undefined
DAT_006d9d20,006d9d20,4,undefined4
DAT_006d9d24,006d9d24,4,undefined4
DAT_006d9d28,006d9d28,4,undefined4
DAT_006d9d2c,006d9d2c,4,undefined4
DAT_006d9d30,006d9d30,4,undefined4
DAT_006d9d34,006d9d34,4,undefined4
DAT_006d9d38,006d9d38,4,undefined4
DAT_006d9d70,006d9d70,1,undefined
DAT_006d9d80,006d9d80,4,undefined4
DAT_006d9d84,006d9d84,4,undefined4
DAT_006d9d88,006d9d88,4,undefined4
DAT_006d9db8,006d9db8,4,undefined4
DAT_006d9dbc,006d9dbc,4,undefined4
DAT_006d9dc0,006d9dc0,4,undefined4
DAT_006d9dc4,006d9dc4,4,undefined4
DAT_006d9dc8,006d9dc8,4,undefined4
DAT_006d9dcc,006d9dcc,1,undefined
DAT_006d9e10,006d9e10,4,undefined4
DAT_006d9e14,006d9e14,1,undefined1
DAT_006d9e15,006d9e15,1,undefined1
DAT_006d9e16,006d9e16,1,undefined1
DAT_006d9e18,006d9e18,4,undefined4
DAT_006d9e1c,006d9e1c,4,undefined4
DAT_006d9e20,006d9e20,4,undefined4
DAT_006d9e24,006d9e24,4,undefined4
DAT_006d9e28,006d9e28,4,undefined4
DAT_006d9e2c,006d9e2c,4,undefined4
DAT_006d9e30,006d9e30,4,undefined4
DAT_006d9e34,006d9e34,4,undefined4
DAT_006d9e38,006d9e38,4,undefined4
DAT_006d9e3c,006d9e3c,4,undefined4
DAT_006d9e40,006d9e40,4,undefined4
DAT_006d9e48,006d9e48,4,undefined4
DAT_006d9e4c,006d9e4c,4,undefined4
DAT_006d9e68,006d9e68,4,undefined4
DAT_006d9e70,006d9e70,4,undefined4
DAT_006d9e74,006d9e74,4,undefined4
DAT_006d9e8c,006d9e8c,4,undefined4
DAT_006d9e90,006d9e90,4,undefined4
DAT_006da28c,006da28c,4,undefined4
DAT_006da290,006da290,4,undefined4
DAT_006da294,006da294,1,undefined1
DAT_006da298,006da298,4,undefined4
DAT_006da29c,006da29c,4,undefined4
DAT_006da2b8,006da2b8,1,undefined
DAT_006da2bc,006da2bc,4,undefined4
DAT_006da2c0,006da2c0,4,undefined4
DAT_006da2c4,006da2c4,4,undefined4
DAT_006da2c8,006da2c8,1,undefined
DAT_006da2cc,006da2cc,4,undefined4
DAT_006da2d0,006da2d0,4,undefined4
DAT_006da2d8,006da2d8,1,undefined
DAT_006da2dc,006da2dc,4,undefined4
DAT_006da2e0,006da2e0,4,undefined4
DAT_006da2f8,006da2f8,4,undefined4
DAT_006da2fc,006da2fc,4,undefined4
DAT_006da300,006da300,4,undefined4
DAT_006da304,006da304,4,undefined4
DAT_006da308,006da308,4,undefined4
DAT_006da310,006da310,1,undefined
DAT_006da314,006da314,1,undefined
DAT_006da318,006da318,1,undefined
DAT_006da31c,006da31c,4,undefined4
DAT_006da320,006da320,4,undefined4
DAT_006da324,006da324,4,undefined4
DAT_006da328,006da328,4,undefined4
DAT_006da32c,006da32c,1,undefined
DAT_006da330,006da330,4,undefined4
DAT_006da334,006da334,4,undefined4
DAT_006da338,006da338,4,undefined4
DAT_006da33c,006da33c,4,undefined4
DAT_006da340,006da340,4,undefined4
DAT_006da340+1,006da341,1,undefined
DAT_006da350,006da350,4,undefined4
DAT_006da354,006da354,4,undefined4
DAT_006da358,006da358,4,undefined4
DAT_006da35c,006da35c,4,undefined4
DAT_006da360,006da360,4,undefined4
DAT_006da364,006da364,1,undefined
DAT_006da368,006da368,4,undefined4
DAT_006da36c,006da36c,4,undefined4
DAT_006da370,006da370,1,undefined
DAT_006da374,006da374,1,undefined
DAT_006da378,006da378,1,undefined
DAT_006da37c,006da37c,1,undefined
DAT_006da380,006da380,1,undefined
DAT_006da384,006da384,1,undefined
DAT_006da38c,006da38c,1,undefined
DAT_006da39c,006da39c,1,undefined
DAT_006da3a4,006da3a4,1,undefined
DAT_006da3a8,006da3a8,1,undefined
DAT_006da3ac,006da3ac,4,undefined4
DAT_006da3b0,006da3b0,4,undefined4
DAT_006da3b8,006da3b8,4,undefined4
DAT_006da3bc,006da3bc,4,undefined4
DAT_006da3c0,006da3c0,1,undefined1
DAT_006da3c4,006da3c4,4,undefined4
DAT_006da3c8,006da3c8,1,undefined
DAT_006da3d0,006da3d0,4,undefined4
DAT_006da3d4,006da3d4,4,undefined4
DAT_006da3e0,006da3e0,8,undefined8
DAT_006da3e8,006da3e8,4,undefined4
DAT_006da3ec,006da3ec,1,undefined
DAT_006da3f4,006da3f4,4,undefined4
DAT_006da404,006da404,4,undefined4
DAT_006da40c,006da40c,4,undefined4
DAT_006da410,006da410,4,undefined4
DAT_006da414,006da414,4,undefined4
DAT_006da418,006da418,4,undefined4
DAT_006da41c,006da41c,1,undefined
DAT_006da420,006da420,4,undefined4
DAT_006da424,006da424,4,undefined4
DAT_006da428,006da428,4,undefined4
DAT_006da42c,006da42c,4,undefined4
DAT_006da430,006da430,4,undefined4
DAT_006da434,006da434,4,undefined4
DAT_006da438,006da438,1,undefined
DAT_006da53c,006da53c,4,undefined4
DAT_006da540,006da540,4,undefined4
DAT_006da548,006da548,2,undefined2
DAT_006da54a,006da54a,1,undefined1
DAT_006da54c,006da54c,1,undefined
DAT_006da568,006da568,1,undefined
DAT_006da56c,006da56c,1,undefined
DAT_006da570,006da570,1,undefined
DAT_006da574,006da574,1,undefined
DAT_006da578,006da578,4,undefined4
DAT_006da57c,006da57c,4,undefined4
DAT_006da580,006da580,4,undefined4
DAT_006da584,006da584,4,undefined4
DAT_006da588,006da588,4,undefined4
DAT_006da58c,006da58c,4,undefined4
DAT_006da590,006da590,4,undefined4
DAT_006da594,006da594,4,undefined4
DAT_006da598,006da598,4,undefined4
DAT_006da59c,006da59c,4,undefined4
DAT_006da5a0,006da5a0,4,undefined4
DAT_006da5a8,006da5a8,1,undefined1
DAT_006da5ac,006da5ac,4,undefined4
DAT_006da5b0,006da5b0,4,undefined4
DAT_006da5b4,006da5b4,4,undefined4
DAT_006da5b8,006da5b8,4,undefined4
DAT_006da5bc,006da5bc,1,undefined
DAT_006da5c0,006da5c0,1,undefined1
DAT_006da5c1,006da5c1,1,undefined1
DAT_006da6c0,006da6c0,4,undefined4
DAT_006da6c0+1,006da6c1,1,undefined
DAT_006da6c0+2,006da6c2,1,undefined
DAT_006da6c0+3,006da6c3,1,undefined
DAT_006da6c4,006da6c4,1,undefined1
DAT_006da7c4,006da7c4,4,undefined4
DAT_006da7e0,006da7e0,4,undefined4
DAT_006da7e4,006da7e4,4,undefined4
DAT_006da8e0,006da8e0,4,undefined4
DAT_006da8e4,006da8e4,4,undefined4
DAT_006da900,006da900,1,undefined
DAT_006db900,006db900,4,undefined4
DAT_006db904,006db904,4,undefined4
DAT_006db908,006db908,4,undefined4
DAT_006db90c,006db90c,4,undefined4
DAT_006db910,006db910,4,undefined4
DAT_006db914,006db914,4,undefined4
DAT_006db918,006db918,4,undefined4
DAT_006db91c,006db91c,4,undefined4
DAT_006db920,006db920,4,undefined4
DAT_006db924,006db924,1,undefined
DAT_006db928,006db928,4,undefined4
DAT_006db92c,006db92c,4,undefined4
DAT_006db930,006db930,4,undefined4
DAT_006db934,006db934,1,undefined
PTR_RegQueryValueExA_006dc324,006dc324,4,pointer
PTR_RegCreateKeyExA_006dc328,006dc328,4,pointer
PTR_RegOpenKeyExA_006dc32c,006dc32c,4,pointer
PTR_RegCloseKey_006dc330,006dc330,4,pointer
PTR_RegSetValueExA_006dc334,006dc334,4,pointer
PTR_DirectDrawEnumerateExA_006dc33c,006dc33c,4,pointer
PTR_DirectDrawCreate_006dc340,006dc340,4,pointer
PTR_DirectDrawEnumerateA_006dc344,006dc344,4,pointer
PTR_DirectInputCreateA_006dc34c,006dc34c,4,pointer
PTR_DeleteDC_006dc354,006dc354,4,pointer
PTR_GetObjectA_006dc358,006dc358,4,pointer
PTR_StretchBlt_006dc35c,006dc35c,4,pointer
PTR_DeleteObject_006dc360,006dc360,4,pointer
PTR_CreateCompatibleDC_006dc364,006dc364,4,pointer
PTR_SetPixel_006dc368,006dc368,4,pointer
PTR_SelectObject_006dc36c,006dc36c,4,pointer
PTR_GetPixel_006dc370,006dc370,4,pointer
PTR_GetStockObject_006dc374,006dc374,4,pointer
PTR_MapViewOfFile_006dc37c,006dc37c,4,pointer
PTR_MultiByteToWideChar_006dc380,006dc380,4,pointer
PTR_CreateMutexA_006dc384,006dc384,4,pointer
PTR_GetVersionExA_006dc388,006dc388,4,pointer
PTR_CreateFileA_006dc38c,006dc38c,4,pointer
PTR_UnmapViewOfFile_006dc390,006dc390,4,pointer
PTR_GetLastError_006dc394,006dc394,4,pointer
PTR_lstrcpyA_006dc398,006dc398,4,pointer
PTR_GetModuleFileNameA_006dc39c,006dc39c,4,pointer
PTR_QueryPerformanceFrequency_006dc3a0,006dc3a0,4,pointer
PTR_QueryPerformanceCounter_006dc3a4,006dc3a4,4,pointer
PTR_FreeLibrary_006dc3a8,006dc3a8,4,pointer
PTR_GetDriveTypeA_006dc3ac,006dc3ac,4,pointer
PTR_CloseHandle_006dc3b0,006dc3b0,4,pointer
PTR_CreateFileMappingA_006dc3b4,006dc3b4,4,pointer
PTR_LoadLibraryA_006dc3b8,006dc3b8,4,pointer
PTR_IsBadCodePtr_006dc3bc,006dc3bc,4,pointer
PTR_GetCPInfo_006dc3c0,006dc3c0,4,pointer
PTR_GetCurrentProcess_006dc3c4,006dc3c4,4,pointer
PTR_TerminateProcess_006dc3c8,006dc3c8,4,pointer
PTR_ExitProcess_006dc3cc,006dc3cc,4,pointer
PTR_GetFileAttributesA_006dc3d0,006dc3d0,4,pointer
PTR_RaiseException_006dc3d4,006dc3d4,4,pointer
PTR_RtlUnwind_006dc3d8,006dc3d8,4,pointer
PTR_HeapAlloc_006dc3dc,006dc3dc,4,pointer
PTR_HeapFree_006dc3e0,006dc3e0,4,pointer
PTR_GetModuleHandleA_006dc3e4,006dc3e4,4,pointer
PTR_OutputDebugStringA_006dc3e8,006dc3e8,4,pointer
PTR_GetCommandLineA_006dc3ec,006dc3ec,4,pointer
PTR_GetVersion_006dc3f0,006dc3f0,4,pointer
PTR_HeapReAlloc_006dc3f4,006dc3f4,4,pointer
PTR_HeapSize_006dc3f8,006dc3f8,4,pointer
PTR_HeapDestroy_006dc3fc,006dc3fc,4,pointer
PTR_HeapCreate_006dc400,006dc400,4,pointer
PTR_VirtualFree_006dc404,006dc404,4,pointer
PTR_GetStartupInfoA_006dc408,006dc408,4,pointer
PTR_VirtualAlloc_006dc40c,006dc40c,4,pointer
PTR_IsBadWritePtr_006dc410,006dc410,4,pointer
PTR_SetFilePointer_006dc414,006dc414,4,pointer
PTR_WideCharToMultiByte_006dc418,006dc418,4,pointer
PTR_LCMapStringA_006dc41c,006dc41c,4,pointer
PTR_LCMapStringW_006dc420,006dc420,4,pointer
PTR_GetComputerNameA_006dc424,006dc424,4,pointer
PTR_IsBadReadPtr_006dc428,006dc428,4,pointer
PTR_SetUnhandledExceptionFilter_006dc42c,006dc42c,4,pointer
PTR_FlushFileBuffers_006dc430,006dc430,4,pointer
PTR_GetProcAddress_006dc434,006dc434,4,pointer
PTR_GlobalFree_006dc438,006dc438,4,pointer
PTR_GlobalAlloc_006dc43c,006dc43c,4,pointer
PTR_SetEndOfFile_006dc440,006dc440,4,pointer
PTR_GetOEMCP_006dc444,006dc444,4,pointer
PTR_GetACP_006dc448,006dc448,4,pointer
PTR_ReadFile_006dc44c,006dc44c,4,pointer
PTR_GetEnvironmentStrings_006dc450,006dc450,4,pointer
PTR_WriteFile_006dc454,006dc454,4,pointer
PTR_SetStdHandle_006dc458,006dc458,4,pointer
PTR_GetStringTypeW_006dc45c,006dc45c,4,pointer
PTR_GetStringTypeA_006dc460,006dc460,4,pointer
PTR_GetEnvironmentStringsW_006dc464,006dc464,4,pointer
PTR_FreeEnvironmentStringsW_006dc468,006dc468,4,pointer
PTR_FreeEnvironmentStringsA_006dc46c,006dc46c,4,pointer
PTR_UnhandledExceptionFilter_006dc470,006dc470,4,pointer
PTR_GetFileType_006dc474,006dc474,4,pointer
PTR_GetStdHandle_006dc478,006dc478,4,pointer
PTR_SetHandleCount_006dc47c,006dc47c,4,pointer
PTR_GetWindowRect_006dc484,006dc484,4,pointer
PTR_PostMessageA_006dc488,006dc488,4,pointer
PTR_SetCursor_006dc48c,006dc48c,4,pointer
PTR_ClientToScreen_006dc490,006dc490,4,pointer
PTR_ShowCursor_006dc494,006dc494,4,pointer
PTR_LoadImageA_006dc498,006dc498,4,pointer
PTR_GetKeyNameTextA_006dc49c,006dc49c,4,pointer
PTR_UpdateWindow_006dc4a0,006dc4a0,4,pointer
PTR_ShowWindow_006dc4a4,006dc4a4,4,pointer
PTR_SetWindowPlacement_006dc4a8,006dc4a8,4,pointer
PTR_MessageBoxA_006dc4ac,006dc4ac,4,pointer
PTR_PostQuitMessage_006dc4b0,006dc4b0,4,pointer
PTR_DefWindowProcA_006dc4b4,006dc4b4,4,pointer
PTR_LoadIconA_006dc4b8,006dc4b8,4,pointer
PTR_RegisterClassA_006dc4bc,006dc4bc,4,pointer
PTR_CreateWindowExA_006dc4c0,006dc4c0,4,pointer
PTR_SystemParametersInfoA_006dc4c4,006dc4c4,4,pointer
PTR_GetSystemMetrics_006dc4c8,006dc4c8,4,pointer
PTR_PeekMessageA_006dc4cc,006dc4cc,4,pointer
PTR_TranslateMessage_006dc4d0,006dc4d0,4,pointer
PTR_DispatchMessageA_006dc4d4,006dc4d4,4,pointer
PTR_GetCursorPos_006dc4d8,006dc4d8,4,pointer
PTR_SetCursorPos_006dc4dc,006dc4dc,4,pointer
PTR_WaitMessage_006dc4e0,006dc4e0,4,pointer
PTR_DestroyWindow_006dc4e4,006dc4e4,4,pointer
PTR_timeGetTime_006dc4ec,006dc4ec,4,pointer
PTR__AAL_StopVoice@4_006dc4f4,006dc4f4,4,pointer
PTR__AAL_GetPlayStatus@4_006dc4f8,006dc4f8,4,pointer
PTR__AAL_AllocateVoiceForHandle@8_006dc4fc,006dc4fc,4,pointer
PTR__AAL_AllocateVoice@4_006dc500,006dc500,4,pointer
PTR__AAL_SetVoiceAttr@4_006dc504,006dc504,4,pointer
PTR__AAL_StartVoice@4_006dc508,006dc508,4,pointer
PTR__AAL_Set3DAttributes@8_006dc50c,006dc50c,4,pointer
PTR__AAL_Close3DProvider@4_006dc510,006dc510,4,pointer
PTR__AAL_QuitDriver@4_006dc514,006dc514,4,pointer
PTR__AAL_Init@0_006dc518,006dc518,4,pointer
PTR__AAL_InitDriver@4_006dc51c,006dc51c,4,pointer
PTR__AAL_GetDeviceId@4_006dc520,006dc520,4,pointer
PTR__AAL_Quit@0_006dc524,006dc524,4,pointer
PTR__AAL_Open3DProvider@4_006dc528,006dc528,4,pointer
PTR__AAL_Get3DAttributes@8_006dc52c,006dc52c,4,pointer
PTR__AAL_Enumerate3DProviders@12_006dc530,006dc530,4,pointer
PTR__AAL_LoadFile@8_006dc534,006dc534,4,pointer
PTR__AAL_FreeVoice@4_006dc538,006dc538,4,pointer
PTR__AAL_LoadResourceType@16_006dc53c,006dc53c,4,pointer
PTR__AAL_SetResource@8_006dc540,006dc540,4,pointer
PTR__AAL_SetSpeakerMode@4_006dc544,006dc544,4,pointer
PTR__AAL_ResumeVoice@4_006dc548,006dc548,4,pointer
PTR__AAL_PauseVoice@4_006dc54c,006dc54c,4,pointer
PTR__AAL_LoadResource@8_006dc550,006dc550,4,pointer
PTR__AAL_GetDataSize@4_006dc554,006dc554,4,pointer
PTR__AAL_GetSampleRate@4_006dc558,006dc558,4,pointer
PTR__AAL_GetADSVolume@4_006dc55c,006dc55c,4,pointer
PTR__AAL_GetADSFlags@4_006dc560,006dc560,4,pointer
PTR__AAL_GetLoopType@4_006dc564,006dc564,4,pointer
PTR__AAL_UnloadFile@4_006dc568,006dc568,4,pointer
PTR_CoCreateInstance_006dc570,006dc570,4,pointer
PTR_CoUninitialize_006dc574,006dc574,4,pointer
PTR_CoInitialize_006dc578,006dc578,4,pointer
DAT_ffdfffff,ffdfffff,1,undefined
